/*
Navicat MySQL Data Transfer

Source Server         : localhost_3306
Source Server Version : 50520
Source Host           : localhost:3306
Source Database       : jerise

Target Server Type    : MYSQL
Target Server Version : 50520
File Encoding         : 65001

Date: 2015-05-15 21:13:49
*/

SET FOREIGN_KEY_CHECKS=0;

-- ----------------------------
-- Table structure for `area_category`
-- ----------------------------
DROP TABLE IF EXISTS `area_category`;
CREATE TABLE `area_category` (
  `acid` tinyint(10) unsigned NOT NULL AUTO_INCREMENT,
  `area` char(20) NOT NULL DEFAULT '',
  `fid` tinyint(10) unsigned NOT NULL DEFAULT '0',
  PRIMARY KEY (`acid`)
) ENGINE=InnoDB AUTO_INCREMENT=9 DEFAULT CHARSET=utf8;

-- ----------------------------
-- Records of area_category
-- ----------------------------
INSERT INTO `area_category` VALUES ('1', '东部', '0');
INSERT INTO `area_category` VALUES ('2', '西部', '0');
INSERT INTO `area_category` VALUES ('3', '东南', '1');
INSERT INTO `area_category` VALUES ('4', '中', '1');
INSERT INTO `area_category` VALUES ('5', '大西洋', '1');
INSERT INTO `area_category` VALUES ('6', '西南', '2');
INSERT INTO `area_category` VALUES ('7', '西北', '2');
INSERT INTO `area_category` VALUES ('8', '太平洋', '2');

-- ----------------------------
-- Table structure for `nba_agende`
-- ----------------------------
DROP TABLE IF EXISTS `nba_agende`;
CREATE TABLE `nba_agende` (
  `agid` tinyint(10) unsigned NOT NULL AUTO_INCREMENT,
  `type` enum('季前赛','常规赛','季后赛') NOT NULL,
  `season_id` int(10) unsigned NOT NULL DEFAULT '0' COMMENT '比赛的赛季',
  `rdate` date NOT NULL,
  `rtime` time NOT NULL,
  `temp_home` char(20) NOT NULL DEFAULT '',
  `h_id` tinyint(10) unsigned NOT NULL DEFAULT '0' COMMENT '主队的id',
  `h_shot` smallint(10) unsigned NOT NULL DEFAULT '0' COMMENT '主队投篮出手数',
  `h_shotin` smallint(10) unsigned NOT NULL DEFAULT '0' COMMENT '主队投篮进球数',
  `h_tree` smallint(10) unsigned NOT NULL DEFAULT '0' COMMENT '主队三分投篮数',
  `h_treein` smallint(10) unsigned NOT NULL DEFAULT '0' COMMENT '主队三分进球数',
  `h_pen` smallint(10) unsigned NOT NULL DEFAULT '0' COMMENT '主队总罚球数',
  `h_penin` smallint(10) unsigned NOT NULL DEFAULT '0' COMMENT '主队罚球进球数',
  `h_be_re` smallint(10) unsigned NOT NULL DEFAULT '0' COMMENT '主队前篮板数',
  `h_be_af` smallint(10) unsigned NOT NULL DEFAULT '0' COMMENT '主队后篮板数',
  `h_assist` smallint(10) unsigned NOT NULL DEFAULT '0' COMMENT '主队助攻数',
  `h_steal` smallint(10) unsigned NOT NULL DEFAULT '0' COMMENT '主队抢断数',
  `h_block` smallint(10) unsigned NOT NULL DEFAULT '0' COMMENT '主队盖帽数',
  `h_error` smallint(10) unsigned NOT NULL DEFAULT '0' COMMENT '主队失误数',
  `h_foul` smallint(10) unsigned NOT NULL DEFAULT '0' COMMENT '主队犯规数',
  `h_score` smallint(10) unsigned NOT NULL DEFAULT '0' COMMENT '主队得分数',
  `temp_visit` char(20) NOT NULL DEFAULT '',
  `v_id` tinyint(10) unsigned NOT NULL DEFAULT '0' COMMENT '客队id',
  `v_shot` smallint(10) unsigned NOT NULL DEFAULT '0' COMMENT '客队投篮出手数',
  `v_shotin` smallint(10) unsigned NOT NULL DEFAULT '0' COMMENT '客队投篮进球数',
  `v_tree` smallint(10) unsigned NOT NULL DEFAULT '0' COMMENT '客队三分投篮数',
  `v_treein` smallint(10) unsigned NOT NULL DEFAULT '0' COMMENT '客队三分进球数',
  `v_pen` smallint(10) unsigned NOT NULL DEFAULT '0' COMMENT '主队总罚球数',
  `v_penin` smallint(10) unsigned NOT NULL DEFAULT '0' COMMENT '主队罚球进球数',
  `v_be_re` smallint(10) unsigned NOT NULL DEFAULT '0' COMMENT '主队前篮板数',
  `v_be_af` smallint(10) unsigned NOT NULL DEFAULT '0' COMMENT '主队后篮板数',
  `v_assist` smallint(10) unsigned NOT NULL DEFAULT '0' COMMENT '主队助攻数',
  `v_steal` smallint(10) unsigned NOT NULL DEFAULT '0' COMMENT '主队抢断数',
  `v_block` smallint(10) unsigned NOT NULL DEFAULT '0' COMMENT '主队盖帽数',
  `v_error` smallint(10) unsigned NOT NULL DEFAULT '0' COMMENT '主队失误数',
  `v_foul` smallint(10) unsigned NOT NULL DEFAULT '0' COMMENT '主队犯规数',
  `v_score` smallint(10) unsigned NOT NULL DEFAULT '0' COMMENT '主队得分数',
  `end` enum('N','Y') NOT NULL DEFAULT 'N' COMMENT '比赛是否结束',
  `w_id` tinyint(10) unsigned NOT NULL DEFAULT '0' COMMENT '胜利球队的id',
  PRIMARY KEY (`agid`)
) ENGINE=InnoDB AUTO_INCREMENT=45 DEFAULT CHARSET=utf8;

-- ----------------------------
-- Records of nba_agende
-- ----------------------------
INSERT INTO `nba_agende` VALUES ('1', '常规赛', '2', '2014-10-29', '08:00:00', '鹈鹕', '20', '0', '0', '0', '0', '0', '0', '0', '0', '0', '0', '0', '0', '0', '0', '魔术', '2', '0', '0', '0', '0', '0', '0', '0', '0', '0', '0', '0', '0', '0', '0', 'N', '0');
INSERT INTO `nba_agende` VALUES ('2', '常规赛', '2', '2014-10-29', '08:00:00', '马刺', '16', '0', '0', '0', '0', '0', '0', '0', '0', '0', '0', '0', '0', '0', '0', '小牛', '18', '0', '0', '0', '0', '0', '0', '0', '0', '0', '0', '0', '0', '0', '0', 'N', '0');
INSERT INTO `nba_agende` VALUES ('3', '常规赛', '2', '2014-10-29', '10:30:00', '湖人', '28', '0', '0', '0', '0', '0', '0', '0', '0', '0', '0', '0', '0', '0', '0', '火箭', '19', '0', '0', '0', '0', '0', '0', '0', '0', '0', '0', '0', '0', '0', '0', 'N', '0');
INSERT INTO `nba_agende` VALUES ('4', '常规赛', '2', '2014-10-30', '07:00:00', '黄蜂', '5', '0', '0', '0', '0', '0', '0', '0', '0', '0', '0', '0', '0', '0', '0', '雄鹿', '10', '0', '0', '0', '0', '0', '0', '0', '0', '0', '0', '0', '0', '0', '0', 'N', '0');
INSERT INTO `nba_agende` VALUES ('5', '常规赛', '2', '2014-10-30', '07:00:00', '步行者', '7', '0', '0', '0', '0', '0', '0', '0', '0', '0', '0', '0', '0', '0', '0', '76人', '12', '0', '0', '0', '0', '0', '0', '0', '0', '0', '0', '0', '0', '0', '0', 'N', '0');
INSERT INTO `nba_agende` VALUES ('6', '常规赛', '2', '2014-10-30', '07:30:00', '凯尔特人', '11', '0', '0', '0', '0', '0', '0', '0', '0', '0', '0', '0', '0', '0', '0', '篮网', '14', '0', '0', '0', '0', '0', '0', '0', '0', '0', '0', '0', '0', '0', '0', 'N', '0');
INSERT INTO `nba_agende` VALUES ('7', '常规赛', '2', '2014-10-30', '07:30:00', '热火', '1', '0', '0', '0', '0', '0', '0', '0', '0', '0', '0', '0', '0', '0', '0', '奇才', '4', '0', '0', '0', '0', '0', '0', '0', '0', '0', '0', '0', '0', '0', '0', 'N', '0');
INSERT INTO `nba_agende` VALUES ('8', '常规赛', '2', '2014-10-30', '07:30:00', '老鹰', '15', '0', '0', '0', '0', '0', '0', '0', '0', '0', '0', '0', '0', '0', '0', '猛龙', '3', '0', '0', '0', '0', '0', '0', '0', '0', '0', '0', '0', '0', '0', '0', 'N', '0');
INSERT INTO `nba_agende` VALUES ('9', '常规赛', '2', '2014-10-30', '08:00:00', '灰熊', '17', '0', '0', '0', '0', '0', '0', '0', '0', '0', '0', '0', '0', '0', '0', '森林狼', '21', '0', '0', '0', '0', '0', '0', '0', '0', '0', '0', '0', '0', '0', '0', 'N', '0');
INSERT INTO `nba_agende` VALUES ('10', '常规赛', '2', '2014-10-30', '08:00:00', '尼克斯', '13', '0', '0', '0', '0', '0', '0', '0', '0', '0', '0', '0', '0', '0', '0', '公牛', '9', '0', '0', '0', '0', '0', '0', '0', '0', '0', '0', '0', '0', '0', '0', 'N', '0');
INSERT INTO `nba_agende` VALUES ('11', '常规赛', '2', '2014-10-30', '09:00:00', '活塞', '22', '0', '0', '0', '0', '0', '0', '0', '0', '0', '0', '0', '0', '0', '0', '掘金', '6', '0', '0', '0', '0', '0', '0', '0', '0', '0', '0', '0', '0', '0', '0', 'N', '0');
INSERT INTO `nba_agende` VALUES ('12', '常规赛', '2', '2014-10-30', '09:00:00', '火箭', '23', '0', '0', '0', '0', '0', '0', '0', '0', '0', '0', '0', '0', '0', '0', '爵士', '19', '0', '0', '0', '0', '0', '0', '0', '0', '0', '0', '0', '0', '0', '0', 'N', '0');
INSERT INTO `nba_agende` VALUES ('13', '常规赛', '2', '2014-10-30', '10:00:00', '太阳', '27', '0', '0', '0', '0', '0', '0', '0', '0', '0', '0', '0', '0', '0', '0', '湖人', '28', '0', '0', '0', '0', '0', '0', '0', '0', '0', '0', '0', '0', '0', '0', 'N', '0');
INSERT INTO `nba_agende` VALUES ('14', '常规赛', '2', '2014-10-30', '10:00:00', '国王', '26', '0', '0', '0', '0', '0', '0', '0', '0', '0', '0', '0', '0', '0', '0', '勇士', '30', '0', '0', '0', '0', '0', '0', '0', '0', '0', '0', '0', '0', '0', '0', 'N', '0');
INSERT INTO `nba_agende` VALUES ('15', '常规赛', '2', '2014-10-30', '10:00:00', '开拓者', '24', '0', '0', '0', '0', '0', '0', '0', '0', '0', '0', '0', '0', '0', '0', '雷霆', '25', '0', '0', '0', '0', '0', '0', '0', '0', '0', '0', '0', '0', '0', '0', 'N', '0');
INSERT INTO `nba_agende` VALUES ('16', '常规赛', '2', '2014-10-31', '07:00:00', '魔术', '2', '0', '0', '0', '0', '0', '0', '0', '0', '0', '0', '0', '0', '0', '0', '奇才', '4', '0', '0', '0', '0', '0', '0', '0', '0', '0', '0', '0', '0', '0', '0', 'N', '0');
INSERT INTO `nba_agende` VALUES ('17', '常规赛', '2', '2014-10-31', '08:00:00', '活塞', '21', '0', '0', '0', '0', '0', '0', '0', '0', '0', '0', '0', '0', '0', '0', '森林狼', '6', '0', '0', '0', '0', '0', '0', '0', '0', '0', '0', '0', '0', '0', '0', 'N', '0');
INSERT INTO `nba_agende` VALUES ('18', '常规赛', '2', '2014-10-31', '08:00:00', '骑士', '8', '0', '0', '0', '0', '0', '0', '0', '0', '0', '0', '0', '0', '0', '0', '尼克斯', '13', '0', '0', '0', '0', '0', '0', '0', '0', '0', '0', '0', '0', '0', '0', 'N', '0');
INSERT INTO `nba_agende` VALUES ('19', '常规赛', '2', '2014-10-31', '08:30:00', '小牛', '18', '0', '0', '0', '0', '0', '0', '0', '0', '0', '0', '0', '0', '0', '0', '爵士', '23', '0', '0', '0', '0', '0', '0', '0', '0', '0', '0', '0', '0', '0', '0', 'N', '0');
INSERT INTO `nba_agende` VALUES ('20', '常规赛', '2', '2014-10-31', '10:30:00', '雷霆', '29', '0', '0', '0', '0', '0', '0', '0', '0', '0', '0', '0', '0', '0', '0', '快船', '25', '0', '0', '0', '0', '0', '0', '0', '0', '0', '0', '0', '0', '0', '0', 'N', '0');
INSERT INTO `nba_agende` VALUES ('21', '常规赛', '2', '2015-04-01', '07:30:00', '步行者', '14', '0', '0', '0', '0', '0', '0', '0', '0', '0', '0', '0', '0', '0', '0', '篮网', '7', '0', '0', '0', '0', '0', '0', '0', '0', '0', '0', '0', '0', '0', '0', 'N', '0');
INSERT INTO `nba_agende` VALUES ('22', '常规赛', '2', '2015-04-01', '07:30:00', '老鹰', '6', '0', '0', '0', '0', '0', '0', '0', '0', '0', '0', '0', '0', '0', '0', '活塞', '3', '0', '0', '0', '0', '0', '0', '0', '0', '0', '0', '0', '0', '0', '0', 'N', '0');
INSERT INTO `nba_agende` VALUES ('23', '常规赛', '2', '2015-04-01', '08:00:00', '热火', '1', '0', '0', '0', '0', '0', '0', '0', '0', '0', '0', '0', '0', '0', '0', '马刺', '16', '0', '0', '0', '0', '0', '0', '0', '0', '0', '0', '0', '0', '0', '0', 'N', '0');
INSERT INTO `nba_agende` VALUES ('24', '常规赛', '2', '2015-04-01', '10:30:00', '快船', '29', '0', '0', '0', '0', '0', '0', '0', '0', '0', '0', '0', '0', '0', '0', '勇士', '30', '0', '0', '0', '0', '0', '0', '0', '0', '0', '0', '0', '0', '0', '0', 'N', '0');
INSERT INTO `nba_agende` VALUES ('25', '常规赛', '2', '2015-02-27', '09:00:00', '骑士', '8', '77', '36', '25', '6', '35', '29', '9', '42', '15', '10', '2', '16', '19', '110', '勇士', '30', '92', '39', '29', '11', '19', '10', '14', '30', '32', '11', '6', '14', '24', '99', 'Y', '8');
INSERT INTO `nba_agende` VALUES ('26', '常规赛', '2', '2015-02-03', '08:00:00', '骑士', '8', '0', '0', '0', '0', '0', '0', '0', '0', '0', '0', '0', '0', '0', '0', '76人', '12', '0', '0', '0', '0', '0', '0', '0', '0', '0', '0', '0', '0', '0', '0', 'N', '0');
INSERT INTO `nba_agende` VALUES ('27', '季后赛', '2', '2015-05-06', '10:30:00', '勇士', '30', '66', '27', '24', '6', '25', '19', '9', '32', '16', '5', '2', '18', '16', '79', '灰熊', '17', '83', '37', '15', '5', '20', '18', '8', '31', '19', '13', '2', '13', '21', '97', 'Y', '17');
INSERT INTO `nba_agende` VALUES ('28', '季后赛', '2', '2015-05-06', '08:00:00', '老鹰', '3', '0', '0', '0', '0', '0', '0', '0', '0', '0', '0', '0', '0', '0', '0', '奇才', '4', '0', '0', '0', '0', '0', '0', '0', '0', '0', '0', '0', '0', '0', '0', 'N', '0');
INSERT INTO `nba_agende` VALUES ('29', '季后赛', '2', '2015-05-07', '07:00:00', '骑士', '8', '0', '0', '0', '0', '0', '0', '0', '0', '0', '0', '0', '0', '0', '0', '公牛', '9', '0', '0', '0', '0', '0', '0', '0', '0', '0', '0', '0', '0', '0', '0', 'N', '0');
INSERT INTO `nba_agende` VALUES ('30', '季后赛', '2', '2015-05-07', '10:30:00', '火箭', '29', '0', '0', '0', '0', '0', '0', '0', '0', '0', '0', '0', '0', '0', '0', '快船', '19', '0', '0', '0', '0', '0', '0', '0', '0', '0', '0', '0', '0', '0', '0', 'N', '0');
INSERT INTO `nba_agende` VALUES ('31', '季后赛', '2', '2015-05-09', '08:00:00', '公牛', '9', '90', '34', '21', '6', '29', '25', '18', '36', '17', '9', '10', '7', '18', '99', '骑士', '8', '82', '32', '34', '14', '19', '18', '9', '29', '24', '6', '10', '12', '26', '96', 'Y', '9');
INSERT INTO `nba_agende` VALUES ('32', '季后赛', '2', '2015-05-09', '10:30:00', '火箭', '29', '0', '0', '0', '0', '0', '0', '0', '0', '0', '0', '0', '0', '0', '0', '快船', '19', '0', '0', '0', '0', '0', '0', '0', '0', '0', '0', '0', '0', '0', '0', 'N', '0');
INSERT INTO `nba_agende` VALUES ('33', '季后赛', '2', '2015-05-10', '08:00:00', '灰熊', '17', '0', '0', '0', '0', '0', '0', '0', '0', '0', '0', '0', '0', '0', '0', '勇士', '30', '0', '0', '0', '0', '0', '0', '0', '0', '0', '0', '0', '0', '0', '0', 'N', '0');
INSERT INTO `nba_agende` VALUES ('34', '季后赛', '2', '2015-05-10', '05:00:00', '老鹰', '4', '0', '0', '0', '0', '0', '0', '0', '0', '0', '0', '0', '0', '0', '0', '奇才', '3', '0', '0', '0', '0', '0', '0', '0', '0', '0', '0', '0', '0', '0', '0', 'N', '0');
INSERT INTO `nba_agende` VALUES ('35', '常规赛', '2', '2015-04-06', '03:30:00', '骑士', '8', '83', '35', '37', '16', '22', '13', '10', '30', '24', '9', '4', '10', '17', '99', '公牛', '9', '76', '34', '27', '11', '21', '15', '9', '36', '28', '7', '2', '16', '22', '94', 'Y', '8');
INSERT INTO `nba_agende` VALUES ('36', '季后赛', '2', '2015-05-12', '09:30:00', '灰熊', '17', '0', '0', '0', '0', '0', '0', '0', '0', '0', '0', '0', '0', '0', '0', '勇士', '30', '0', '0', '0', '0', '0', '0', '0', '0', '0', '0', '0', '0', '0', '0', 'N', '0');
INSERT INTO `nba_agende` VALUES ('37', '季后赛', '2', '2015-05-12', '07:00:00', '老鹰', '4', '0', '0', '0', '0', '0', '0', '0', '0', '0', '0', '0', '0', '0', '0', '奇才', '3', '0', '0', '0', '0', '0', '0', '0', '0', '0', '0', '0', '0', '0', '0', 'N', '0');
INSERT INTO `nba_agende` VALUES ('38', '季后赛', '2', '2015-05-13', '07:00:00', '骑士', '8', '0', '0', '0', '0', '0', '0', '0', '0', '0', '0', '0', '0', '0', '0', '公牛', '9', '0', '0', '0', '0', '0', '0', '0', '0', '0', '0', '0', '0', '0', '0', 'N', '0');
INSERT INTO `nba_agende` VALUES ('39', '季后赛', '2', '2015-05-13', '09:30:00', '火箭', '19', '0', '0', '0', '0', '0', '0', '0', '0', '0', '0', '0', '0', '0', '0', '快船', '29', '0', '0', '0', '0', '0', '0', '0', '0', '0', '0', '0', '0', '0', '0', 'N', '0');
INSERT INTO `nba_agende` VALUES ('40', '季后赛', '2', '2015-05-14', '08:00:00', '老鹰', '3', '0', '0', '0', '0', '0', '0', '0', '0', '0', '0', '0', '0', '0', '0', '奇才', '4', '0', '0', '0', '0', '0', '0', '0', '0', '0', '0', '0', '0', '0', '0', 'N', '0');
INSERT INTO `nba_agende` VALUES ('41', '季后赛', '2', '2015-05-14', '10:30:00', '灰熊', '30', '0', '0', '0', '0', '0', '0', '0', '0', '0', '0', '0', '0', '0', '0', '勇士', '17', '0', '0', '0', '0', '0', '0', '0', '0', '0', '0', '0', '0', '0', '0', 'N', '0');
INSERT INTO `nba_agende` VALUES ('42', '常规赛', '2', '2015-03-04', '08:00:00', '骑士', '8', '0', '0', '0', '0', '0', '0', '0', '0', '0', '0', '0', '0', '0', '0', '凯尔特人', '11', '0', '0', '0', '0', '0', '0', '0', '0', '0', '0', '0', '0', '0', '0', 'N', '0');
INSERT INTO `nba_agende` VALUES ('43', '季后赛', '2', '2015-05-15', '08:00:00', '骑士', '9', '80', '30', '20', '4', '10', '9', '9', '23', '17', '3', '6', '7', '18', '73', '公牛', '8', '79', '33', '27', '12', '20', '16', '16', '37', '20', '3', '8', '11', '16', '94', 'Y', '8');
INSERT INTO `nba_agende` VALUES ('44', '季后赛', '2', '2015-05-15', '10:30:00', '火箭', '29', '0', '0', '0', '0', '0', '0', '0', '0', '0', '0', '0', '0', '0', '0', '快船', '19', '0', '0', '0', '0', '0', '0', '0', '0', '0', '0', '0', '0', '0', '0', 'N', '0');

-- ----------------------------
-- Table structure for `new`
-- ----------------------------
DROP TABLE IF EXISTS `new`;
CREATE TABLE `new` (
  `newid` int(10) unsigned NOT NULL AUTO_INCREMENT,
  `new_title` char(30) NOT NULL DEFAULT '',
  `new_time` int(10) NOT NULL DEFAULT '0',
  `new_video` varchar(20) NOT NULL DEFAULT '',
  `new_image` varchar(20) NOT NULL DEFAULT '',
  `new_text` text NOT NULL,
  `new_comment` int(10) unsigned NOT NULL DEFAULT '0',
  PRIMARY KEY (`newid`)
) ENGINE=InnoDB AUTO_INCREMENT=21 DEFAULT CHARSET=utf8;

-- ----------------------------
-- Records of new
-- ----------------------------
INSERT INTO `new` VALUES ('1', '詹姆斯38分骑士拿下天王山', '1431536073', '', '02.jpg', '<p style=\"margin-top: 15px; margin-bottom: 15px; padding: 0px; font-size: 14px; line-height: 23px; color: rgb(51, 51, 51); font-family: 宋体; white-space: normal; background-color: rgb(255, 255, 255);\">新浪体育讯　北京时间5月13日，骑士主场过关，以106-101击退公牛，从而总比分以3-2领先。</p><p style=\"margin-top: 15px; margin-bottom: 15px; padding: 0px; font-size: 14px; line-height: 23px; color: rgb(51, 51, 51); font-family: 宋体; white-space: normal; background-color: rgb(255, 255, 255);\">　　勒布朗-詹姆斯24投14中，拿下了38分、12个篮板和6次助攻，他还盖帽3次，抢断3次，而且全场没有一次失误，表现堪称完美。凯里-欧文带伤出战，得了25分，伊曼-香波特13分7个篮板，特刊斯坦-汤普森12分10个篮板。</p><p style=\"margin-top: 15px; margin-bottom: 15px; padding: 0px; font-size: 14px; line-height: 23px; color: rgb(51, 51, 51); font-family: 宋体; white-space: normal; background-color: rgb(255, 255, 255);\">　　公牛在最后一节落后17分的情况下奋起反击，最后时刻甚至有机会扳平，可惜未能把握机会。吉米-巴特勒拿下了29分9个篮板，德里克-罗斯24投仅7中得16分、9个篮板和7次助攻，迈克-邓利维19分，乔金-诺阿和塔基-吉布森各得10分。保罗-加索尔缺阵，尼科拉-米罗蒂奇10分。</p><p style=\"margin-top: 15px; margin-bottom: 15px; padding: 0px; font-size: 14px; line-height: 23px; color: rgb(51, 51, 51); font-family: 宋体; white-space: normal; background-color: rgb(255, 255, 255);\">　　此前两战，两个前MVP成为焦点，两个压哨绝杀，两队各胜出一场。一个系列赛出现两次压哨绝杀，这在NBA史上还是第一次。</p><p style=\"margin-top: 15px; margin-bottom: 15px; padding: 0px; font-size: 14px; line-height: 23px; color: rgb(51, 51, 51); font-family: 宋体; white-space: normal; background-color: rgb(255, 255, 255);\">　　双方以2-2来到了第五场天王山之战。这场比赛的重要性毋庸置疑，谁能攻下天王山，就有可能最终晋级。</p><p style=\"margin-top: 15px; margin-bottom: 15px; padding: 0px; font-size: 14px; line-height: 23px; color: rgb(51, 51, 51); font-family: 宋体; white-space: normal; background-color: rgb(255, 255, 255);\">　　开场后，公牛连续攻击篮下，以一波8-0开局。首节还有9分21秒时，骑士才由詹姆斯得手，首次得分。罗斯连续突破之后，一人打出6-0，公牛以14-4再度拉开差距。詹姆斯开始频频强攻，而外线球员也找到感觉，骑士逐渐追回失分。首节还有1分钟时，公牛还以24-19领先，香波特还以一记三分后，骑士此后仍在外线出手。香波特再度三分不中，自己抢下进攻篮板，将球传到左侧，欧文三分也不中。汤普森再一次抢到进攻篮板，欧文这次出手命中三分，骑士首节反而以25-24反超。</p><p style=\"margin-top: 15px; margin-bottom: 15px; padding: 0px; font-size: 14px; line-height: 23px; color: rgb(51, 51, 51); font-family: 宋体; white-space: normal; background-color: rgb(255, 255, 255);\">　　从第二节起，骑士一直领先。詹姆斯不断攻击篮下，第二节甚至不在外线出手。本节开始后，他继续中投和突破，一人包办了骑士本节前10分。本节还有8分14秒时，他上篮得手后，骑士以35-27领先。骑士逐渐将优势扩大到两位数，本节还有1分53秒时，香波特中投命中，骑士以52-40领先。骑士此后连续投篮不中，而公牛也只靠罚球得分，半场结束时，公牛以44-54落后。</p><p style=\"margin-top: 15px; margin-bottom: 15px; padding: 0px; font-size: 14px; line-height: 23px; color: rgb(51, 51, 51); font-family: 宋体; white-space: normal; background-color: rgb(255, 255, 255);\">　　公牛连得8分开始第三节，一举将比分追成52-54。本节还有4分10秒时，巴特勒三分命中，公牛只以62-63落后。公牛有机会反超，但罗斯的中投不中。关键时刻，詹姆斯连续两次助攻，欧文一人连得5分，骑士稳住阵脚。本节还有42秒时，詹姆斯连投带罚拿下3分，德拉维多瓦此后三分命中，骑士以80-68领先。公牛只剩下2秒，但他们还完成了最后一攻，米罗蒂奇没过中线就出手远投，竟然命中空心三分，公牛以71-80落后。</p><p style=\"margin-top: 15px; margin-bottom: 15px; padding: 0px; font-size: 14px; line-height: 23px; color: rgb(51, 51, 51); font-family: 宋体; white-space: normal; background-color: rgb(255, 255, 255);\">　　这是天王山之战，双方火药味十足，在第四节终于爆发冲突。本节打了1分钟后，公牛进攻时，德拉维多瓦和吉布森双双摔倒在篮下，吉布森起身后，一只脚被德拉维多瓦双脚死死夹住，吉布森一怒之下，竟然踹了他一脚。双方球员都围了过来，布鲁克斯狠狠推了一把史密斯，场上一团混乱。</p><p style=\"margin-top: 15px; margin-bottom: 15px; padding: 0px; font-size: 14px; line-height: 23px; color: rgb(51, 51, 51); font-family: 宋体; white-space: normal; background-color: rgb(255, 255, 255);\">　裁判拉开了众人，吉布森吃了二级恶意犯规，被直接驱逐出场，而德拉维多瓦什么事都没有。他两罚两中之后，欧文突破上篮得手，史密斯此后投中三分，骑士以90-73拉开了差距。</p><p style=\"margin-top: 15px; margin-bottom: 15px; padding: 0px; font-size: 14px; line-height: 23px; color: rgb(51, 51, 51); font-family: 宋体; white-space: normal; background-color: rgb(255, 255, 255);\">　　公牛开始大举反扑，邓利维和辛里奇相继命中三分，双方差距一度只有4分。比赛还有2分56秒时，巴特勒三分命中，他们只以96-101落后。两队相继投篮不中的一，在比赛还有1分18秒时，巴特勒三分命中，双方只在2分的差距，胜负难料。</p><p style=\"margin-top: 15px; margin-bottom: 15px; padding: 0px; font-size: 14px; line-height: 23px; color: rgb(51, 51, 51); font-family: 宋体; white-space: normal; background-color: rgb(255, 255, 255);\">　　公牛有机会扳平，罗斯发起快攻，不过在投篮时，被詹姆斯追上，一掌将球盖出界外。公牛再次选择投三分，但未能命中。詹姆斯也中投失手，在比赛还有19秒时，香波特抢下关键进攻篮板。</p><p style=\"margin-top: 15px; margin-bottom: 15px; padding: 0px; font-size: 14px; line-height: 23px; color: rgb(51, 51, 51); font-family: 宋体; white-space: normal; background-color: rgb(255, 255, 255);\">公牛只得犯规，欧文冷静地两罚两中，骑士以103-99领先。公牛此后失误，詹姆斯两罚一中，骑士领先5分。</p><p style=\"margin-top: 15px; margin-bottom: 15px; padding: 0px; font-size: 14px; line-height: 23px; color: rgb(51, 51, 51); font-family: 宋体; white-space: normal; background-color: rgb(255, 255, 255);\">　　虽然巴特勒此后投中2分，但为时已晚，欧文两罚两中，骑士锁定比分。</p><p><span style=\"color: rgb(51, 51, 51); font-family: 宋体; font-size: 14px; line-height: 23px; background-color: rgb(255, 255, 255);\">(吴哥)</span></p>', '0');
INSERT INTO `new` VALUES ('2', '哈登三双霍华德20+15 火箭大胜快船', '1431536083', '', '03.jpg', '<p style=\"margin-top: 15px; margin-bottom: 15px; padding: 0px; font-size: 14px; line-height: 23px; color: rgb(51, 51, 51); font-family: 宋体; white-space: normal; background-color: rgb(255, 255, 255);\">　　新浪体育讯　北京时间5月13日，火箭主场以124-103轻取快船，将总比分扳成2-3。</p><p style=\"margin-top: 15px; margin-bottom: 15px; padding: 0px; font-size: 14px; line-height: 23px; color: rgb(51, 51, 51); font-family: 宋体; white-space: normal; background-color: rgb(255, 255, 255);\">　　火箭三人上了20分，詹姆斯-哈登打出三双，贡献26分、11个篮板和10次助攻，特雷沃-阿里扎22分8个篮板，德怀特-霍华德20分15个篮板。替补出场的科里-布鲁尔15分，泰伦斯-琼斯12分。</p><p style=\"margin-top: 15px; margin-bottom: 15px; padding: 0px; font-size: 14px; line-height: 23px; color: rgb(51, 51, 51); font-family: 宋体; white-space: normal; background-color: rgb(255, 255, 255);\">　　快船几乎全场落后。布雷克-格里芬拿下了20分16个篮板，克里斯-保罗22分10次助攻，德安德烈-乔丹13分11个篮板。</p><p style=\"margin-top: 15px; margin-bottom: 15px; padding: 0px; font-size: 14px; line-height: 23px; color: rgb(51, 51, 51); font-family: 宋体; white-space: normal; background-color: rgb(255, 255, 255);\">　　此前两战，火箭客场崩溃，都输了25分以上，这是NBA15年来首次在季后赛出现这种情况。而在东部，则连续出现了压哨绝杀。一边是激烈的厮杀，一边是一边倒的大屠杀。</p><p style=\"margin-top: 15px; margin-bottom: 15px; padding: 0px; font-size: 14px; line-height: 23px; color: rgb(51, 51, 51); font-family: 宋体; white-space: normal; background-color: rgb(255, 255, 255);\">　　以1-3落后，在历史上，只有8支球队成功翻盘。火箭曾在1995年做到过，不过这一次，要想旧梦重圆却没那么容易。</p><p style=\"margin-top: 15px; margin-bottom: 15px; padding: 0px; font-size: 14px; line-height: 23px; color: rgb(51, 51, 51); font-family: 宋体; white-space: normal; background-color: rgb(255, 255, 255);\">　　快船建队44年来，从没进过西部决赛，这一次，他们得到了三次机会，剩下的三场比赛，只要胜出一次，就能创造历史。</p><p style=\"margin-top: 15px; margin-bottom: 15px; padding: 0px; font-size: 14px; line-height: 23px; color: rgb(51, 51, 51); font-family: 宋体; white-space: normal; background-color: rgb(255, 255, 255);\">　　快船似乎并不急着晋级，开场之后，他们的防守极为松懈，而进攻也不够专注，给了火箭极多的机会。</p><p style=\"margin-top: 15px; margin-bottom: 15px; padding: 0px; font-size: 14px; line-height: 23px; color: rgb(51, 51, 51); font-family: 宋体; white-space: normal; background-color: rgb(255, 255, 255);\">　　乔丹一开场就两罚不中，快船连续6次投篮未能命中。比赛打了近5分钟后，快船只投中一球。火箭也打得非常放松，丝毫不像处于绝境的球队，快船不断给他们机会，但他们频频浪费，只以7-2开局。首节还有3分48秒时，格里芬中投命中，快船打出一波9-1后，以18-15反超。霍华德补中一球，布鲁尔在快攻中扣篮，火箭不断攻击篮下，以一波12-4结束本节，从而以27-22超出。</p><p style=\"margin-top: 15px; margin-bottom: 15px; padding: 0px; font-size: 14px; line-height: 23px; color: rgb(51, 51, 51); font-family: 宋体; white-space: normal; background-color: rgb(255, 255, 255);\">　　卡佩拉在第二节一开始就空中接力扣篮，火箭三度扣篮得手，以33-24领先。快船虽然防守不卖力，但还是一度缩小差距。本节中段，保罗连续投篮命中，一人连得5分后，快船只以37-41落后。双方一度只有2分的差距，特里两度投中三分，霍华德空中接力扣篮，火箭以一波18-5结束本节，在哈登投中压哨球后，他们以63-48拉开差距。</p><p style=\"margin-top: 15px; margin-bottom: 15px; padding: 0px; font-size: 14px; line-height: 23px; color: rgb(51, 51, 51); font-family: 宋体; white-space: normal; background-color: rgb(255, 255, 255);\">　　阿里扎以一记三分开始第三节，史密斯紧接着反手上篮，火箭以68-48领先了20分。本节中段，快船让保罗休息后，他们反而开始猛追。格里芬不断篮下制造杀伤，一人连得5分后，快船将比分追成66-81。保罗重回场上后，马上助攻格里芬暴扣，乔丹两罚一中，快船只以71-83落后。琼斯两度投篮命中，霍华德意外地两罚两中，火箭以90-74稳住阵脚。霍伊斯补中压哨球后，快船前三节以76-90落后。</p><p style=\"margin-top: 15px; margin-bottom: 15px; padding: 0px; font-size: 14px; line-height: 23px; color: rgb(51, 51, 51); font-family: 宋体; white-space: normal; background-color: rgb(255, 255, 255);\">　　第四节还有7分12秒时，巴恩斯投中三分，快船以86-101落后。特里马上还以三分，紧接着卡佩拉上篮得手，火箭重新取得20分的优势。双方开始“互砍”，乔丹和霍华德都是两罚不中。两人都被主帅撤下，而快船继续“砍”，竟然连续将布鲁尔送上罚球线。布鲁尔四罚三中，快船无奈之下，只得放弃这疯狂的举动。</p><p style=\"margin-top: 15px; margin-bottom: 15px; padding: 0px; font-size: 14px; line-height: 23px; color: rgb(51, 51, 51); font-family: 宋体; white-space: normal; background-color: rgb(255, 255, 255);\">　　双方几乎放弃了防守，开始对攻，布鲁尔两度上篮，保罗投中三分，双方保持两位数的差距。还有2分02秒时，哈登和阿里扎相继三分得手后，火箭以121-100遥遥领先。火箭胜券在握，撤下了全部主力，而快船先发五虎早于他们下场休息。</p><p style=\"margin-top: 15px; margin-bottom: 15px; padding: 0px; font-size: 14px; line-height: 23px; color: rgb(51, 51, 51); font-family: 宋体; white-space: normal; background-color: rgb(255, 255, 255);\">　　火箭将大比分扳成2-3，仍命悬一线，下一战是客场，如果不能过关，就将被淘汰。(吴哥)</p>', '0');
INSERT INTO `new` VALUES ('3', '公牛主帅支持取消额外暂停', '1431536093', '', 'U12300P6T12D7.jpg', '<p style=\"margin-top: 15px; margin-bottom: 15px; padding: 0px; font-size: 14px; line-height: 23px; color: rgb(51, 51, 51); font-family: 宋体; white-space: normal; background-color: rgb(255, 255, 255);\">　　新浪体育讯　北京时间5月13日，与骑士的系列赛第三战已经过去两天，不过公牛主帅对比赛最后的几个状况仍有不满情绪，他今天就建议取消录像回放时的“额外”暂停。</p><p style=\"margin-top: 15px; margin-bottom: 15px; padding: 0px; font-size: 14px; line-height: 23px; color: rgb(51, 51, 51); font-family: 宋体; white-space: normal; background-color: rgb(255, 255, 255);\">　　第三战打到最后还剩9.4秒，德里克-罗斯通过上篮将比分追至84平。当计时器显示还剩0.8秒时，球出界，双方此时已均无暂停，裁判决定启用录像回放。这次录像回放，不仅找回了0.7秒的时间，裁判回看录像这段时间，无形中也给了骑士队一个“暂停”，正是利用这个“暂停”，勒布朗-詹姆斯“擦掉了教练的战术(让詹姆斯去发球)”，在左侧底角接队友传球完成压哨绝杀。</p><p style=\"margin-top: 15px; margin-bottom: 15px; padding: 0px; font-size: 14px; line-height: 23px; color: rgb(51, 51, 51); font-family: 宋体; white-space: normal; background-color: rgb(255, 255, 255);\">　　锡伯杜并不反对录像回放系统，但认为没有暂停的球队不应该借此获得暂停机会。</p><p style=\"margin-top: 15px; margin-bottom: 15px; padding: 0px; font-size: 14px; line-height: 23px; color: rgb(51, 51, 51); font-family: 宋体; white-space: normal; background-color: rgb(255, 255, 255);\">　　“这就是科技给这联盟带来的影响，我认为联盟也一直在思考解决各种问题，”锡伯杜说，“录像回放的初衷是好的——把哨吹准确，但有时我们得思考——这里面是不是(对手)借机获得了优势？尤其是在这种情况下，一支球队明明没有暂停了，是不能再去板凳席的。当然这是联盟首次出现这种情况，我们都在想解决办法。在这个层面上来说，我不喜欢它。很明显，录像回放这次对我们造成了负面影响，但其大多数时候，这项技术都很赞。”</p><p style=\"margin-top: 15px; margin-bottom: 15px; padding: 0px; font-size: 14px; line-height: 23px; color: rgb(51, 51, 51); font-family: 宋体; white-space: normal; background-color: rgb(255, 255, 255);\">　　有趣的是，锡伯杜和布拉特当时都主动向裁判申请了录像回放。“我们当然想知道球是否真的出界，”锡伯杜说。</p><p style=\"margin-top: 15px; margin-bottom: 15px; padding: 0px; font-size: 14px; line-height: 23px; color: rgb(51, 51, 51); font-family: 宋体; white-space: normal; background-color: rgb(255, 255, 255);\">　　锡伯杜还谈到了布拉特那个没叫到的暂停。就在罗斯那个上篮之后，骑士主帅试图示意裁判要暂停，他没意识到球队暂停已用完，一旦要到就将自动获得一次技术犯规，好在主角泰伦-卢及时制止了他。事后，NBA官方解释说，三名当值裁判都没看到布拉特的手势。</p><p style=\"margin-top: 15px; margin-bottom: 15px; padding: 0px; font-size: 14px; line-height: 23px; color: rgb(51, 51, 51); font-family: 宋体; white-space: normal; background-color: rgb(255, 255, 255);\">　　“我看见他(打手势了)，”锡伯杜说，“但裁判很难看到，他们都在专注场上情况。就好比有些时候，你对着他们怒吼，他们可能就在你身边，但却听不见你的声音，所以需要跳到他们身前才能要到暂停。”</p><p style=\"margin-top: 15px; margin-bottom: 15px; padding: 0px; font-size: 14px; line-height: 23px; color: rgb(51, 51, 51); font-family: 宋体; white-space: normal; background-color: rgb(255, 255, 255);\">　　(黎双富)</p>', '0');
INSERT INTO `new` VALUES ('4', '26+11+10哈登季后赛首3双', '1431536103', '', 'U2138P6T1.jpg', '<p style=\"margin-top: 15px; margin-bottom: 15px; padding: 0px; font-size: 14px; line-height: 23px; color: rgb(51, 51, 51); font-family: 宋体; white-space: normal; background-color: rgb(255, 255, 255);\">　　新浪体育讯　北京时间5月13日，休斯顿火箭今天迎来西区第2轮第5场，主场对阵洛杉矶快船。带病出战的詹姆斯-哈登20投9中，其中三分球8中1，罚球8中7，得到26分11个篮板10次助攻，拿下个人首个季后赛三双，火箭也以124-103取胜，将总比分扳成2-3。</p><p style=\"margin-top: 15px; margin-bottom: 15px; padding: 0px; font-size: 14px; line-height: 23px; color: rgb(51, 51, 51); font-family: 宋体; white-space: normal; background-color: rgb(255, 255, 255);\">　　第4场战罢，哈登以“要么赢要么回家”来形容本场。对付哈登，快船逢挡拆坚决包夹，逼迫其传球；而在一对一时，由于德安德烈-乔丹的存在，单防哈登的球员也选择贴身，宁可放掉强侧。但前2场哈登仍拿下46分，28投13中。尽管快船注意规避犯规，哈登这2场仍得到15次罚球。</p><p style=\"margin-top: 15px; margin-bottom: 15px; padding: 0px; font-size: 14px; line-height: 23px; color: rgb(51, 51, 51); font-family: 宋体; white-space: normal; background-color: rgb(255, 255, 255);\">　　ESPN有一项数据ORPM，是基于每100个进攻回合的得分，衡量球员在场时对球队进攻的影响。而哈登以8.79位居本轮两队所有球员之首，也是火箭此项统计唯一为正值的。</p><p style=\"margin-top: 15px; margin-bottom: 15px; padding: 0px; font-size: 14px; line-height: 23px; color: rgb(51, 51, 51); font-family: 宋体; white-space: normal; background-color: rgb(255, 255, 255);\">　　今天哈登情况并不乐观。据《休斯顿纪事报》的乔纳森-费根透露，他咳嗽不止，本场开始前还打了点滴。本场首节他4投仅1中仅得3分，也可看出身体不适。但退无可退的主帅凯文-麦克海尔仍一改往日轮换次序，坚持让哈登打满第二节，而火箭一哥的回报是单节拿下14分，率队以一波15-2结束上半场。第二节结束前，哈登面对J.J.-雷迪克的防守，突破后撤步命中压哨球，更是博得满堂彩。</p><p style=\"margin-top: 15px; margin-bottom: 15px; padding: 0px; font-size: 14px; line-height: 23px; color: rgb(51, 51, 51); font-family: 宋体; white-space: normal; background-color: rgb(255, 255, 255);\">　　第4场火箭防守对位一团糟，本场麦帅做出调整，哈登不再在克里斯-保罗和布雷克-格里芬间疲于奔命，而是专注于马特-巴恩斯，杰森-特里和特雷沃-阿里扎则分别对上保罗和雷迪克。结果，巴恩斯和雷迪克加起来20投仅4中，尽管也有快船意兴阑珊，且巴恩斯中途受伤的因素，但麦帅此举使哈登在防守端压力锐减，能更好投入进攻端，还是收到成效。</p><p style=\"margin-top: 15px; margin-bottom: 15px; padding: 0px; font-size: 14px; line-height: 23px; color: rgb(51, 51, 51); font-family: 宋体; white-space: normal; background-color: rgb(255, 255, 255);\">　　本轮前4场火箭之所以陷入困境，除开防守不力，也有火箭配角不给力的因素。本场，哈登在个人攻击的同时，也注重和队友的配合。前三节战罢，他已助攻7次。</p><p style=\"margin-top: 15px; margin-bottom: 15px; padding: 0px; font-size: 14px; line-height: 23px; color: rgb(51, 51, 51); font-family: 宋体; white-space: normal; background-color: rgb(255, 255, 255);\">　　第四节2分49秒有一幕值得一提。此前暂停时和哈登在商量着什么的特雷沃-阿里扎，此时接哈登传球后，迎着防守就是一记干拔三分，球应声入网，哈登收获本场第10次助攻，拿下生涯季后赛首个三双，也是队史继拉尔夫-桑普森、罗德尼-麦克雷、哈基姆-奥拉朱旺和史蒂夫-弗朗西斯后，第5位季后赛拿到三双的球员。尽管此时已进入垃圾时间，有刷数据之嫌，但并不能抹杀哈登本场对全队的调度。</p><p style=\"margin-top: 15px; margin-bottom: 15px; padding: 0px; font-size: 14px; line-height: 23px; color: rgb(51, 51, 51); font-family: 宋体; white-space: normal; background-color: rgb(255, 255, 255);\">　　终场前2分01秒，哈登三分落袋，为本场画上完美句号，丰田中心球迷们也送上喝彩。带病拿下三双率队悬崖勒马，本场哈登值得点赞。不过，火箭目前仍处境严峻，难道这是本季最后一次为哈登竖起大拇指？(魑魅)</p>', '0');
INSERT INTO `new` VALUES ('5', '24中7命中率 这哪是罗斯?', '1431536113', '', '3105152.jpg', '<p style=\"margin-top: 15px; margin-bottom: 15px; padding: 0px; font-size: 14px; line-height: 23px; color: rgb(51, 51, 51); font-family: 宋体; white-space: normal; background-color: rgb(255, 255, 255);\">　　新浪体育讯　东部半决赛，芝加哥公牛在客场以101-106不敌克利夫兰骑士，输掉了这场重要的天王山之战。公牛当家控卫德里克-罗斯出场42分钟，24投7中得到16分，外加9个篮板和7次助攻。从整场比赛的进程来看，罗斯的表现可谓是“虎头蛇尾”。</p><p style=\"margin-top: 15px; margin-bottom: 15px; padding: 0px; font-size: 14px; line-height: 23px; color: rgb(51, 51, 51); font-family: 宋体; white-space: normal; background-color: rgb(255, 255, 255);\">　　虽然在过去三年内饱受膝盖伤势的困扰，但是罗斯在今年季后赛中的表现还是令人眼前一亮，而且他依然是这支公牛队中不可或缺的人物。从某种程度上说，罗斯的发挥好坏将直接影响到公牛队的输球。</p><p style=\"margin-top: 15px; margin-bottom: 15px; padding: 0px; font-size: 14px; line-height: 23px; color: rgb(51, 51, 51); font-family: 宋体; white-space: normal; background-color: rgb(255, 255, 255);\">　　就拿这轮与骑士的系列赛来说，公牛赢球的两场比赛，罗斯场均能轰下27.5分，包括第三场的三分打板绝杀；但是公牛输球的第二场，罗斯全场20投仅6中得到14分。</p><p style=\"margin-top: 15px; margin-bottom: 15px; padding: 0px; font-size: 14px; line-height: 23px; color: rgb(51, 51, 51); font-family: 宋体; white-space: normal; background-color: rgb(255, 255, 255);\">　　随着身体状态的恢复，罗斯在球场上也渐渐找回了昔日的那种爆发力和篮下冲击力。今年季后赛，我们已经多次看到罗斯在场上上演精彩的突破动作。由于凯里-欧文受到腿伤困扰，布拉特不得不在比赛中安排侧翼防守悍将香波特去盯防罗斯。</p><p style=\"margin-top: 15px; margin-bottom: 15px; padding: 0px; font-size: 14px; line-height: 23px; color: rgb(51, 51, 51); font-family: 宋体; white-space: normal; background-color: rgb(255, 255, 255);\">　　本场比赛开始后，罗斯就迅速进入攻击模式，第一节，他7投5中砍下12分，突破随心所欲，表现十分抢眼。但是令人没有想到的是，罗斯在进攻端突然“熄火”，此后的三节比赛里，他17次出手居然只命中了2个球，而且自从在第三节一开始投进了一个打板球之后，罗斯就再无得分入账。</p><p><a href=\"http://sax.sina.com.cn/dsp/click?t=MjAxNS0wNS0xNCAwMDo1NDo1NwkxMTQuMTEzLjIyMS4xNzMJMTE0LjExMy4yMjEuMTY4XzE0MzA5MTU0NTIuMTg4ODA5CWFkMjQ2ZWNmLTkyOTctNDc4ZS05ZmUwLWY5MmVhYzMwYzNkMQk2NjE5OQk1NDY4Mjk0MjkwX1BJTlBBSS1DUEMJMjEwMTQJMzMzOTU5CTguNTA5MjE4RS00CTEJdHJ1ZQlQRFBTMDAwMDAwMDUxNzc3CTI5MjEzOQlQQwlmbGFzaAkwCTE=&userid=114.113.221.168_1430915452.188809&p=GSU9%2btsbRkSlCnb8X9ybvjftkpg1xipOF5CYHA%3d%3d&url=http%3a%2f%2fsax.sina.com.cn%2fclick%3ftype%3d2%26t%3dMTkyNTNkZmEtZGIxYi00NjQ0LWE1MGEtNzZmYzVmZGM5YmJlCTE3CVBEUFMwMDAwMDAwNTE3NzcJMjkyMTM5CTEJUlRCCS0%253d%26id%3d17%26url%3dhttp%253a%252f%252fvdax.youzu.com%252f%253fq%253d1504138QY9fnw%26sina_sign%3df716ca4caaa4d459&sign=d82d70063f31df0e\" target=\"_blank\" style=\"color: rgb(4, 84, 167); text-decoration: none; position: absolute; opacity: 0; width: 200px; height: 300px; left: 0px; top: 0px; background-image: initial; background-attachment: initial; background-size: initial; background-origin: initial; background-clip: initial; background-position: initial; background-repeat: initial;\"></a></p><p style=\"margin-top: 15px; margin-bottom: 15px; padding: 0px; font-size: 14px; line-height: 23px; color: rgb(51, 51, 51); font-family: 宋体; white-space: normal; background-color: rgb(255, 255, 255);\">　　下半场，公牛队能够逐渐追上比分，靠的是吉米-巴特勒和迈克-邓利维的发挥。上一场比赛，罗斯在第四节最后关头完成了一记很关键的上篮命中。今天第四节还剩1分18秒时，公牛仅以99-101落后2分，罗斯在抢到一个后场篮板后发动反击并试图追平比分，但这一次，他在篮下的出手遭到了勒布朗-詹姆斯的血帽。最终，公牛没能在客场拿下这场关键的天王山战役。</p><p style=\"margin-top: 15px; margin-bottom: 15px; padding: 0px; font-size: 14px; line-height: 23px; color: rgb(51, 51, 51); font-family: 宋体; white-space: normal; background-color: rgb(255, 255, 255);\">　　值得一提的是，下半场进行期间，罗斯在一次和欧文争抢球权时不慎扭到了右手手，一度让公牛队惊出一声冷汗。赛后，公牛主帅希伯杜认为罗斯的手臂应该没事，而罗斯在接受采访时则无奈地表示：“我只是努力让手臂放松一下，但是没有借口。我在比赛中投丢了太多球。”</p><p style=\"margin-top: 15px; margin-bottom: 15px; padding: 0px; font-size: 14px; line-height: 23px; color: rgb(51, 51, 51); font-family: 宋体; white-space: normal; background-color: rgb(255, 255, 255);\">　　本场比赛，罗斯的投篮手感和带伤出战的骑士控卫欧文形成了强烈的反差。特别是在公牛努力追分的那段时间内，罗斯无法提供球队急需的帮助。这样一场如此重要的比赛，罗斯在下半场的隐身对公牛的打击无疑是非常致命的。</p>', '0');
INSERT INTO `new` VALUES ('6', '20+15+2还被黑出翔', '1431536269', '', 'U2138.jpg', '<p style=\"margin-top: 15px; margin-bottom: 15px; padding: 0px; font-size: 14px; line-height: 23px; color: rgb(51, 51, 51); font-family: 宋体; white-space: normal; background-color: rgb(255, 255, 255);\">　　新浪体育讯　西区季后赛半决赛，休斯顿火箭在主场以124-103击败了洛杉矶快船，将大比分扳成2-3。火箭中锋德怀特-霍华德出战32分钟，14投7中拿到20分15篮板1抢断2封盖0失误。</p><p style=\"margin-top: 15px; margin-bottom: 15px; padding: 0px; font-size: 14px; line-height: 23px; color: rgb(51, 51, 51); font-family: 宋体; white-space: normal; background-color: rgb(255, 255, 255);\">　　本场比赛对于快船来说，价值不是那么大——快船队史从未进入过分区决赛，本场比赛之前，他们已经以3-1领先火箭，手握三个赛点。因此也有一种说法，认为快船会在本场比赛不那么拼，能拿下火箭固然最好，如果拿不下，回到主场争取在家门口取得历史性突破也是很不错的结果。</p><p style=\"margin-top: 15px; margin-bottom: 15px; padding: 0px; font-size: 14px; line-height: 23px; color: rgb(51, 51, 51); font-family: 宋体; white-space: normal; background-color: rgb(255, 255, 255);\">　　但这场比赛对火箭的意义却很重大——不赢球就回家。在这种情况下，火箭没有理由松懈。但在比赛中，火箭至少在前半程表现得并不是那么紧绷神经，虽然快船方面更加松懈，但火箭并没有把握住所有的机会。</p><p style=\"margin-top: 15px; margin-bottom: 15px; padding: 0px; font-size: 14px; line-height: 23px; color: rgb(51, 51, 51); font-family: 宋体; white-space: normal; background-color: rgb(255, 255, 255);\">　　央视解说杨健和解说嘉宾杨毅就对霍华德的表现十分不满。第二节6分24秒，保罗一个变向加速超过杰森-特里，冲向篮下。这时霍华德正坐镇三秒区，看到保罗冲过来，他却没有任何动作。任由保罗风一般从身边掠过，因为保罗是擦着霍华德身边突进篮下，所以特里反而还受到霍华德的影响，没有能顺利地跟过去。只能目送保罗轻松上篮。这时，杨健和杨毅笑称霍华德如同纸片人一样，双脚在地板上生了根，不仅不延阻保罗，反而还阻挡了特里的跟防路线。</p><p style=\"margin-top: 15px; margin-bottom: 15px; padding: 0px; font-size: 14px; line-height: 23px; color: rgb(51, 51, 51); font-family: 宋体; white-space: normal; background-color: rgb(255, 255, 255);\">　　客观来说，这一球霍华德确实有责任，但很可能是他和特里之间的沟通出了问题。保罗将球打进后，特里还回头看了一眼霍华德，不过两人之间并没有说话。</p><p style=\"margin-top: 15px; margin-bottom: 15px; padding: 0px; font-size: 14px; line-height: 23px; color: rgb(51, 51, 51); font-family: 宋体; white-space: normal; background-color: rgb(255, 255, 255);\">　　不仅如此，第二节4分20秒，斯宾塞-霍伊斯也接保罗传球完成了一次探臂上篮。这一球也是绕过霍华德打成的，而魔兽面对霍伊斯，也没有丝毫上前干扰的意思。<strong>杨毅和杨健也笑了：“火箭唱空城计呢，霍华德就是诸葛亮，防守就靠吓唬，但快船不是司马懿啊，人家真进来。”并调侃道：“霍伊斯心说，这是我本赛季第一次上篮啊。”</strong></p><p style=\"margin-top: 15px; margin-bottom: 15px; padding: 0px; font-size: 14px; line-height: 23px; color: rgb(51, 51, 51); font-family: 宋体; white-space: normal; background-color: rgb(255, 255, 255);\">　　客观来说，霍华德确实在第二节这段时间有所松懈。但总体来说，霍华德并没有玩忽职守——整个上半场，霍华德9投5中，拿到15分11篮板1抢断的大两双，而且没有出现失误，罚球也有8中5的效率。如果说他的防守不好，那么火箭只让快船在内线拿到22分，而自己在内线拿到36分又如何解释？霍华德毕竟是人不是神，出现一两次走神、与队友沟通不畅是可以理解的。况且他上一场比赛受困于犯规，本场比赛自然有些刻意收缩，整个上半场，霍华德只有1次犯规，打完全场，他也只有2次犯规而已。</p><p style=\"margin-top: 15px; margin-bottom: 15px; padding: 0px; font-size: 14px; line-height: 23px; color: rgb(51, 51, 51); font-family: 宋体; white-space: normal; background-color: rgb(255, 255, 255);\">　　总而言之，霍华德或许在本场比赛不算打得很出色，没有打出统治力，但他至少完成了自己的任务，并没有给快船太多可乘之机，而且很好的保存了自己的战斗力(0失误，2犯规)，对快船造成了巨大的杀伤(15篮板，14罚球，1抢断，2封盖)，如果要打分，魔兽或许算不上“卓越”，但获得一个“优秀”的评价，应该不为过。</p><p style=\"margin-top: 15px; margin-bottom: 15px; padding: 0px; font-size: 14px; line-height: 23px; color: rgb(51, 51, 51); font-family: 宋体; white-space: normal; background-color: rgb(255, 255, 255);\">　　(咕哒)</p>', '0');
INSERT INTO `new` VALUES ('7', 'ESPN:詹皇一战正名 这就是为何每队都想要他', '1431574495', '', 'U12300P60.jpg', '<p style=\"margin-top: 15px; margin-bottom: 15px; padding: 0px; font-size: 14px; line-height: 23px; color: rgb(51, 51, 51); font-family: 宋体; white-space: normal; background-color: rgb(255, 255, 255);\">　　新浪体育讯　在东区半决赛克利夫兰骑士对芝加哥公牛的第五场天王山之战中，勒布朗-詹姆斯打出完美表现，为球队赢得赛点。赛后，与詹姆斯渊源颇深的ESPN记者布莱恩-文霍斯特撰文，对老友大加赞扬，以下是文章简译：</p><p style=\"margin-top: 15px; margin-bottom: 15px; padding: 0px; font-size: 14px; line-height: 23px; color: rgb(51, 51, 51); font-family: 宋体; white-space: normal; background-color: rgb(255, 255, 255);\">　　为什么有那么多球队处心积虑多年，就是为了有机会在自由人市场上争夺勒布朗-詹姆斯呢？又为什么他们愿意献上对方想要的任何合同，换来适合与对方搭配的球员，只为了获取詹姆斯的芳心呢？就是因为在一场季后赛事关生死的比赛中，他能用24次出手砍下38分12个篮板6次助攻同时没有任何失误。就这么简单。</p><p style=\"margin-top: 15px; margin-bottom: 15px; padding: 0px; font-size: 14px; line-height: 23px; color: rgb(51, 51, 51); font-family: 宋体; white-space: normal; background-color: rgb(255, 255, 255);\">　　昨天对公牛的比赛可能是本赛季骑士队最为重要的一场比赛，詹姆斯不负众望，打出了自己的最佳表现。106-101的结果，让骑士队3-2领先公牛，只差一场胜利就可以晋级分区决赛。骑士队或许无法赢得总冠军，甚至仍有可能输掉本轮系列赛，但詹姆斯在这场比赛中所表现出来的能力，足以令人信服。</p><p style=\"margin-top: 15px; margin-bottom: 15px; padding: 0px; font-size: 14px; line-height: 23px; color: rgb(51, 51, 51); font-family: 宋体; white-space: normal; background-color: rgb(255, 255, 255);\">　　“勒布朗在比赛中的方方面面都出类拔萃，”骑士主帅大卫-布拉特赛后说，“你找不到任何一个他达不到顶尖水准的环节。”</p><p style=\"margin-top: 15px; margin-bottom: 15px; padding: 0px; font-size: 14px; line-height: 23px; color: rgb(51, 51, 51); font-family: 宋体; white-space: normal; background-color: rgb(255, 255, 255);\">　　48小时之内，勒布朗两次拯救了他的教练。系列赛第四场，他在最后一秒的绝杀为骑士赢得一场关键胜利，然而在那之后的两天时间里，布拉特一直被那个要叫没叫的暂停所引发的话题所侵扰，然后今天，勒布朗凭借华丽的个人表演帮助球队彻底摆脱低迷。</p><p style=\"margin-top: 15px; margin-bottom: 15px; padding: 0px; font-size: 14px; line-height: 23px; color: rgb(51, 51, 51); font-family: 宋体; white-space: normal; background-color: rgb(255, 255, 255);\">　　“啊，是的，”詹姆斯带着嘲弄的语气谈到自己技术统计单上失误一栏那个数字，这还是2014年3月19日以来他第一次全场比赛0失误，“我从不自我恭维，但现在我不想谦虚。”</p><p><a href=\"http://sax.sina.com.cn/dsp/click?t=MjAxNS0wNS0xNCAxMTozMToxMAkxMTQuMTEzLjIyMS4xNzMJMTE0LjExMy4yMjEuMTY4XzE0MzA5MTU0NTIuMTg4ODA5CTAyNDk0ODQxLTk1NzUtNDQzYy1iZjA5LTYyN2IxMWYwNzEyMwk3NTcwMwk1MjMxNDc0NjYyX1BJTlBBSS1DUEMJMjUzMjcJMTg5CTIuMzU1NzAzMkUtNAkwCXRydWUJUERQUzAwMDAwMDA1MTc3NwkzMzM5NTYJUEMJZmxhc2gJMAkx&userid=114.113.221.168_1430915452.188809&p=ZzsKKiQNS7qWaLxrKb7raNPyCMAnoWu3tpKgiw%3d%3d&url=http%3a%2f%2fsax.sina.com.cn%2fclick%3ftype%3d2%26t%3dNjczYjBhMmEtMjQwZC00YmJhLTk2NjgtYmM2YjI5YmVlYjY4CTE3CVBEUFMwMDAwMDAwNTE3NzcJMzMzOTU2CTEJUlRCCS0%253d%26id%3d17%26url%3dhttp%253a%252f%252fg.b8lp.com%252fs%252f1%252f1199%252f33600.html%253fuid%253d162423%26sina_sign%3d578502489cde3078&sign=25b0df7b311c0beb\" target=\"_blank\" style=\"color: rgb(4, 84, 167); text-decoration: none; position: absolute; opacity: 0; width: 200px; height: 300px; left: 0px; top: 0px; background-image: initial; background-attachment: initial; background-size: initial; background-origin: initial; background-clip: initial; background-position: initial; background-repeat: initial;\"></a></p><p></p><p style=\"margin-top: 15px; margin-bottom: 15px; padding: 0px; font-size: 14px; line-height: 23px; color: rgb(51, 51, 51); font-family: 宋体; white-space: normal; background-color: rgb(255, 255, 255);\">　　这轮系列赛詹姆斯打得并不轻松，面对吉米-巴特勒的贴身防守，他的命中率一度仅有38%。不仅如此，勒夫<a class=\"wt_article_link\" href=\"http://weibo.com/kevinlove42?zw=sports\" target=\"_blank\" style=\"color: rgb(4, 84, 167); text-decoration: none;\">[微博]</a>的伤停和欧文的不在状态让他显得心浮气躁，场均6次失误格外刺眼。另外，在第四场绝杀之前，他还在一次快攻中不慎扭伤了自己的脚踝……。</p><p style=\"margin-top: 15px; margin-bottom: 15px; padding: 0px; font-size: 14px; line-height: 23px; color: rgb(51, 51, 51); font-family: 宋体; white-space: normal; background-color: rgb(255, 255, 255);\">　　在热火队的四年时间里，埃里克-斯波尔斯特拉为了平衡球队，绞尽脑汁竭力让三巨头在减少出手的情况下提升比赛效率，詹姆斯的个人命中率也逐年攀升。所以对公牛系列赛第四场，詹姆斯30次出手仅得25分同时还有8次失误的表现，令人极不适应。虽然最后一秒奉送绝杀，但并不能掩盖他的低效。就在这样的背景下，詹姆斯适时爆发了。他在上半场12投10中独取24分，最终成就了这场神奇的表演。</p><p style=\"margin-top: 15px; margin-bottom: 15px; padding: 0px; font-size: 14px; line-height: 23px; color: rgb(51, 51, 51); font-family: 宋体; white-space: normal; background-color: rgb(255, 255, 255);\">　　五年之前，当勒布朗决定将自己的天赋带到南海滩，骑士球迷恨得咬牙切齿，迈阿密则一片欢天喜地。去年夏天，他宣布重回故乡，两地的球迷态度立刻呈180度逆转。这一切，皆是因为人们知道，他有能力打出类似这样的表现。</p><p style=\"margin-top: 15px; margin-bottom: 15px; padding: 0px; font-size: 14px; line-height: 23px; color: rgb(51, 51, 51); font-family: 宋体; white-space: normal; background-color: rgb(255, 255, 255);\">　　“我们用了一整个赛季的时间建立起来的一些事情，必须经历剧变，我理解这一点。我没有为自己找借口，我也不需要。我必须打得更有效率，那才是我应该有的样子。”詹姆斯说到做到。</p><p style=\"margin-top: 15px; margin-bottom: 15px; padding: 0px; font-size: 14px; line-height: 23px; color: rgb(51, 51, 51); font-family: 宋体; white-space: normal; background-color: rgb(255, 255, 255);\">　　(熊猫)</p><p><br/></p>', '3');
INSERT INTO `new` VALUES ('8', '加索尔复出有人泼冷水', '1431574599', '', 'U2028P2.jpg', '<p style=\"margin-top: 15px; margin-bottom: 15px; padding: 0px; font-size: 14px; line-height: 23px; color: rgb(51, 51, 51); font-family: 宋体; white-space: normal; background-color: rgb(255, 255, 255);\">　　新浪体育讯　北京时间5月14日《露天看台体育》报道，随着公牛被逼到绝境，队中大将保罗-加索尔决定复出救场，参加“赢或回家”的第六场生死战。</p><p style=\"margin-top: 15px; margin-bottom: 15px; padding: 0px; font-size: 14px; line-height: 23px; color: rgb(51, 51, 51); font-family: 宋体; white-space: normal; background-color: rgb(255, 255, 255);\">　　值得一提的是，在此之前，曾有观点认为，加索尔的存在对于公牛来说并非好事。早在系列赛第三场他腿筋拉伤离场时，NBA分析家内特-邓肯就表示，这会提升公牛淘汰骑士的机会。而根据常规赛数据，加索尔在场上时对于球队的影响也以负面居多。</p><p style=\"margin-top: 15px; margin-bottom: 15px; padding: 0px; font-size: 14px; line-height: 23px; color: rgb(51, 51, 51); font-family: 宋体; white-space: normal; background-color: rgb(255, 255, 255);\">　　根据NBA官网的统计，常规赛当加索尔在场上时，公牛队的进攻数据与他不在时基本持平，可是在防守端，当他在场时球队每百回合则要多丢将近1分。另外，虽然加索尔两双数据领先联盟，但他不在时球队的篮板表现反而更好。这样看，西班牙人似乎真的可有可无。</p><p style=\"margin-top: 15px; margin-bottom: 15px; padding: 0px; font-size: 14px; line-height: 23px; color: rgb(51, 51, 51); font-family: 宋体; white-space: normal; background-color: rgb(255, 255, 255);\">　　然而，事实已经多次证明，季后赛完全是另一回事。在一组跨度不大的系列赛中，因为特定的对位形势，常规赛的数据并不能说明太多问题。而在对骑士的比赛中，加索尔的场上影响无疑是积极的。</p><p style=\"margin-top: 15px; margin-bottom: 15px; padding: 0px; font-size: 14px; line-height: 23px; color: rgb(51, 51, 51); font-family: 宋体; white-space: normal; background-color: rgb(255, 255, 255);\">　　同样是来自在于NBA官网的数据：在对骑士的比赛中，当加索尔不在场时，公牛每百回合得分下降了3.6分之多。或许你会质疑得出这组数据的样本太小，你也同样可以以加索尔受腿伤困扰难以打出百分之百的状态为理由，认为接下来的比赛中，他在进攻端的正面刺激作用难以达到这种程度。的确，将球队的希望完全寄托在尚未完全康复的加索尔身上是有一定风险的，但这已经是公牛队最好的赌注。</p><p style=\"margin-top: 15px; margin-bottom: 15px; padding: 0px; font-size: 14px; line-height: 23px; color: rgb(51, 51, 51); font-family: 宋体; white-space: normal; background-color: rgb(255, 255, 255);\">　　当然，加索尔无法像第五场中的勒布朗-詹姆斯那样为公牛做到一切，事实上除了那个家伙之外也没人能够做到。不过在进攻乏力成为球队死穴的情况下，他的确能提供最大的帮助。</p><p style=\"margin-top: 15px; margin-bottom: 15px; padding: 0px; font-size: 14px; line-height: 23px; color: rgb(51, 51, 51); font-family: 宋体; white-space: normal; background-color: rgb(255, 255, 255);\">　　举一个简单的例子：詹姆斯在系列赛第四场最后一秒上演绝杀，可如果加索尔在，他可能根本没有这样的机会。在那场比赛里，公牛在第二节一度有长达六分钟时间里一分未得，最后一节也只得到16分，这才将胜利拱手送出。</p><p><a href=\"http://sax.sina.com.cn/dsp/click?t=MjAxNS0wNS0xNCAxMTozNDoyNQkxMTQuMTEzLjIyMS4xNzMJMTE0LjExMy4yMjEuMTY4XzE0MzA5MTU0NTIuMTg4ODA5CTEyOWJkYjEzLTEyNTAtNDFhNy05YjQ0LWMzYjQ3ODg3NjRhNAk1MTQ3NQk1MjYyNDYzNDMzX1BJTlBBSS1DUEMJMTU1OTcJNDI0OTYzCTQuNzE3NTU2M0UtNAkxCXRydWUJUERQUzAwMDAwMDA1MTc3NwkyMzU1MzgJUEMJZmxhc2gJMAkx&userid=114.113.221.168_1430915452.188809&p=TF7SkhajSwaDVrQF9W%2bD71V6%2faw6T9TGmvaalQ%3d%3d&url=http%3a%2f%2fsax.sina.com.cn%2fclick%3ftype%3d2%26t%3dNGM1ZWQyOTItMTZhMy00YjA2LTgzNTYtYjQwNWY1NmY4M2VmCTE3CVBEUFMwMDAwMDAwNTE3NzcJMjM1NTM4CTEJUlRCCS0%253d%26id%3d17%26url%3dhttp%253a%252f%252fvdax.youzu.com%252f%253fq%253d150123qTP0EUx%26sina_sign%3d8d776acd39cee050&sign=f8460fcd16babe74\" target=\"_blank\" style=\"color: rgb(4, 84, 167); text-decoration: none; position: absolute; opacity: 0; width: 200px; height: 300px; left: 0px; top: 0px; background-image: initial; background-attachment: initial; background-size: initial; background-origin: initial; background-clip: initial; background-position: initial; background-repeat: initial;\"></a></p><p></p><p style=\"margin-top: 15px; margin-bottom: 15px; padding: 0px; font-size: 14px; line-height: 23px; color: rgb(51, 51, 51); font-family: 宋体; white-space: normal; background-color: rgb(255, 255, 255);\">　　系列赛第五战，公牛全队命中率仅为39.5%，德里克-罗斯和吉米-巴特勒几乎肩负了球队所有的进攻重任，两个人出场时间都超过了40分钟。加索尔在中距离的威胁绝非诺阿可比，有他在场，公牛的后场和侧翼球员突破会更加轻松，外线射手也会获得更多空位出手的机会。即便一瘸一拐，他也能让其他人身上的防守压力大为减轻。</p><p style=\"margin-top: 15px; margin-bottom: 15px; padding: 0px; font-size: 14px; line-height: 23px; color: rgb(51, 51, 51); font-family: 宋体; white-space: normal; background-color: rgb(255, 255, 255);\">　　整个系列赛，公牛在第一场的进攻表现最好，那场球，加索尔16投10中拿到21分10个篮板4次助攻和4记封盖。以他为轴，公牛全队投出了50%的命中率，他和罗斯的相互促进也给骑士队的布防制造了最大麻烦。</p><p style=\"margin-top: 15px; margin-bottom: 15px; padding: 0px; font-size: 14px; line-height: 23px; color: rgb(51, 51, 51); font-family: 宋体; white-space: normal; background-color: rgb(255, 255, 255);\">　　是的，他的防守的确有些问题，不过进攻才是公牛队现在最大的问题。自从去年夏天决定签约一刻起，人们对加索尔的期待就是聪明的处理球和对公牛战术打法的丰富，这也是公牛人员构成及战术打法中最缺乏的部分。</p><p style=\"margin-top: 15px; margin-bottom: 15px; padding: 0px; font-size: 14px; line-height: 23px; color: rgb(51, 51, 51); font-family: 宋体; white-space: normal; background-color: rgb(255, 255, 255);\">　　不管他有什么缺点，都仍然是最有希望盘活全队，起死回生的一枚棋子。他能帮助公牛逆转骑士晋级分区决赛么？未必。但这已经是公牛最大的机会。</p><p style=\"margin-top: 15px; margin-bottom: 15px; padding: 0px; font-size: 14px; line-height: 23px; color: rgb(51, 51, 51); font-family: 宋体; white-space: normal; background-color: rgb(255, 255, 255);\">　　(熊猫)</p>', '0');
INSERT INTO `new` VALUES ('9', '骑士下季圣诞球衣曝光', '1431574676', '', 'U2028P.jpg', '<p style=\"margin-top: 15px; margin-bottom: 15px; padding: 0px; font-size: 14px; line-height: 23px; color: rgb(51, 51, 51); font-family: 宋体; white-space: normal; background-color: rgb(255, 255, 255);\">　　新浪体育讯　北京时间5月14日，尽管现在连盛夏还不到，但赞助商已经泄露了骑士下赛季圣诞大战的球衣设计样本。</p><p style=\"margin-top: 15px; margin-bottom: 15px; padding: 0px; font-size: 14px; line-height: 23px; color: rgb(51, 51, 51); font-family: 宋体; white-space: normal; background-color: rgb(255, 255, 255);\">　　这款新球衣仍采用酒红色为主色，点缀为金色，但不同于骑士现在的配色，整体感觉更加深沉一些。</p><p style=\"margin-top: 15px; margin-bottom: 15px; padding: 0px; font-size: 14px; line-height: 23px; color: rgb(51, 51, 51); font-family: 宋体; white-space: normal; background-color: rgb(255, 255, 255);\">　　由于本赛季还没有打完，下赛季赛程也就无从谈起。不过勒布朗-詹姆斯作为联盟超一线明星，他几乎可以肯定将出现在圣诞大战的赛程中。在詹姆斯12年的职业生涯里，他已经打过九次圣诞大战，包括在热火的四次和骑士的五次。</p><p style=\"margin-top: 15px; margin-bottom: 15px; padding: 0px; font-size: 14px; line-height: 23px; color: rgb(51, 51, 51); font-family: 宋体; white-space: normal; background-color: rgb(255, 255, 255);\">　　(杰内西斯)</p>', '0');
INSERT INTO `new` VALUES ('10', '里弗斯不想抢七 保罗即将摸到西决地板', '1431574829', '', 'U4933.jpg', '<p style=\"margin-top: 15px; margin-bottom: 15px; padding: 0px; font-size: 14px; line-height: 23px; color: rgb(51, 51, 51); font-family: 宋体; white-space: normal; background-color: rgb(255, 255, 255);\">　　新浪体育讯　北京时间5月14日，据《洛杉矶时报》报道，在第5场客场落败后，浪费了一个赛点的洛杉矶快船将于明天回到主场进行第6战。主帅道格-里弗斯表示，赢下第6场很重要，快船不想系列赛被拖入抢七战。</p><p style=\"margin-top: 15px; margin-bottom: 15px; padding: 0px; font-size: 14px; line-height: 23px; color: rgb(51, 51, 51); font-family: 宋体; white-space: normal; background-color: rgb(255, 255, 255);\">　　在当地时间周三进行的新闻发布会上，里弗斯谈到接下来的比赛时直截了当地表示：“第6场非常重要。”</p><p style=\"margin-top: 15px; margin-bottom: 15px; padding: 0px; font-size: 14px; line-height: 23px; color: rgb(51, 51, 51); font-family: 宋体; white-space: normal; background-color: rgb(255, 255, 255);\">　　目前快船总比分3-2领先火箭，如果明天获胜，将是该队历史45年来首次闯入分区决赛。但如果落败，他们得在休斯顿进行抢七战。</p><p style=\"margin-top: 15px; margin-bottom: 15px; padding: 0px; font-size: 14px; line-height: 23px; color: rgb(51, 51, 51); font-family: 宋体; white-space: normal; background-color: rgb(255, 255, 255);\">　　3-1领先的快船本有希望在第5场终结整个系列赛，结果却以103-124，21分的分差落败。该场，火箭在内线得分(64-46)、快攻得分(17-3)上均领先快船；火箭投出54.1%的命中率，也远超快船的41.8%；在篮板上领先的仍是火箭，58-39。</p><p style=\"margin-top: 15px; margin-bottom: 15px; padding: 0px; font-size: 14px; line-height: 23px; color: rgb(51, 51, 51); font-family: 宋体; white-space: normal; background-color: rgb(255, 255, 255);\">　　里弗斯透露，快船球员们都对他们的表现失望不已，大多数球员都在飞往休斯顿的飞机上回看了第5场的比赛录像。里弗斯认为，越是收尾的比赛越难获胜。</p><p><a href=\"http://sax.sina.com.cn/dsp/click?t=MjAxNS0wNS0xNCAxMTozODoxMgkxMTQuMTEzLjIyMS4xNzMJMTE0LjExMy4yMjEuMTY4XzE0MzA5MTU0NTIuMTg4ODA5CTg5YmQ0YjI1LWNkZWQtNGM4MS1hNDZhLTBjMWI5YTBiNDM3MAk2NDk0OAk1NDY4Mjk0MjkwX1BJTlBBSS1DUEMJMjA0NDQJMzI0ODk2CTYuODQwMDQ4RS00CTEJdHJ1ZQlQRFBTMDAwMDAwMDUxNzc3CTI4NDYyNglQQwlmbGFzaAkwCTE=&userid=114.113.221.168_1430915452.188809&p=yz96oSioTNK8mFSdwIPku1S8uH8LpOncB0yU%2bg%3d%3d&url=http%3a%2f%2fsax.sina.com.cn%2fclick%3ftype%3d2%26t%3dY2IzZjdhYTEtMjhhOC00Y2QyLWJjOTgtNTQ5ZGMwODNlNGJiCTE3CVBEUFMwMDAwMDAwNTE3NzcJMjg0NjI2CTEJUlRCCS0%253d%26id%3d17%26url%3dhttp%253a%252f%252fvdax.youzu.com%252f%253fq%253d150408Za7HLXw%26sina_sign%3d1933da1939340346&sign=478b39ebf7c57d61\" target=\"_blank\" style=\"color: rgb(4, 84, 167); text-decoration: none; position: absolute; opacity: 0; width: 200px; height: 300px; left: 0px; top: 0px; background-image: initial; background-attachment: initial; background-size: initial; background-origin: initial; background-clip: initial; background-position: initial; background-repeat: initial;\"></a></p><p></p><p style=\"margin-top: 15px; margin-bottom: 15px; padding: 0px; font-size: 14px; line-height: 23px; color: rgb(51, 51, 51); font-family: 宋体; white-space: normal; background-color: rgb(255, 255, 255);\">　　“原因之一是对手并不愿就此回家，”里弗斯说，“我想人们都忘了这一点了……但我认为这是一部分原因，而另一部分原因人的天性使然。当你手握领先时，有时你就会失去紧迫感，不再去战斗，不再去拼命，而这些原本是你该做的。你得在每场季后赛中都这么做，我们不能对比赛挑挑拣拣。”</p><p style=\"margin-top: 15px; margin-bottom: 15px; padding: 0px; font-size: 14px; line-height: 23px; color: rgb(51, 51, 51); font-family: 宋体; white-space: normal; background-color: rgb(255, 255, 255);\">　　他接着说：“让我印象深刻的是在常规赛中期，或者更早一些时候，我们队会对比赛挑挑拣拣，我并不喜欢这样。不过队员们所看重的比赛往往发挥出色，这也告诉我这支球队是有一定实力的。”</p><p style=\"margin-top: 15px; margin-bottom: 15px; padding: 0px; font-size: 14px; line-height: 23px; color: rgb(51, 51, 51); font-family: 宋体; white-space: normal; background-color: rgb(255, 255, 255);\">　　快船球员目前有一些伤病情况，但好消息是克里斯-保罗将不会再受到限制。第5场他出战近35分钟，得到22分10次助攻。里弗斯也表示，第6场不会限制他的出场时间。奥斯丁-里弗斯在第5场髋骨挫伤，里弗斯表示快船训练师杰森-鲍威尔将对自己的儿子做进一步检查。“他今天比昨天更关心伤情，”里弗斯说，“这毕竟是髋骨挫伤。”</p><p style=\"margin-top: 15px; margin-bottom: 15px; padding: 0px; font-size: 14px; line-height: 23px; color: rgb(51, 51, 51); font-family: 宋体; white-space: normal; background-color: rgb(255, 255, 255);\">　　此外，里弗斯还透露马特-巴恩斯脚踝和肩膀的伤并不严重。快船今天休息，里弗斯希望全队能在明天打出一场高强度的比赛，“我们的球员已准备好了。”(魑魅)</p>', '0');
INSERT INTO `new` VALUES ('11', '神奇库里18+7+5+6断+6三分 这才是熟悉的味道', '1431588982', '', 'T20150514130656.jpg', '<p style=\"margin-top: 15px; margin-bottom: 15px; padding: 0px; font-size: 14px; line-height: 23px; color: rgb(51, 51, 51); font-family: 宋体; white-space: normal; background-color: rgb(255, 255, 255);\">　　新浪体育讯　西部半决赛，金州勇士在主场以98-78大胜孟菲斯灰熊，从而在系列赛中以3-2领先。勇士队的常规赛MVP斯蒂芬-库里16投6中(三分球13投6中)得到18分，外加5次助攻、6次抢断(个人季后赛生涯纪录)和7个篮板。<br/></p><p style=\"margin-top: 15px; margin-bottom: 15px; padding: 0px; font-size: 14px; line-height: 23px; color: rgb(51, 51, 51); font-family: 宋体; white-space: normal; background-color: rgb(255, 255, 255);\">　　库里是公认的超级射手，本赛季常规赛，他一共投中了286个三分球，并创下单赛季的三分球命中纪录，而且他的三分球命中率达到了44.3%。</p><p style=\"margin-top: 15px; margin-bottom: 15px; padding: 0px; font-size: 14px; line-height: 23px; color: rgb(51, 51, 51); font-family: 宋体; white-space: normal; background-color: rgb(255, 255, 255);\">　　然而在与灰熊的这轮系列赛中，库里的手感如同坐上了过山车。首场比赛，他在三分线外8投4中；第二场和第三场，库里累计出手21次三分球，但也只投进了4个。然而正如勇士主帅史蒂夫-科尔所说的，库里也许会在某些比赛中找不到投篮手感，但是他的自信心从未消失。果不其然，在第四场比赛中，库里终于爆发，他22投11中砍下33分，三分球9投4中。在这样一轮异常艰苦的系列赛，库里非常需要这样一场比赛来振作自己。</p><p style=\"margin-top: 15px; margin-bottom: 15px; padding: 0px; font-size: 14px; line-height: 23px; color: rgb(51, 51, 51); font-family: 宋体; white-space: normal; background-color: rgb(255, 255, 255);\">　　今天，勇士回到主场作战，熟悉的地方，熟悉的球迷，这无疑让库里在场上打得更加舒服自在。第一节，客场作战的灰熊一度领先两位数，但是随着库里在三分线外突然爆发，这些领先优势瞬间消失。本节最后3分钟内，库里一下子进了三个不讲理三分，帮助勇士在第一节结束时反超灰熊1分。</p><p style=\"margin-top: 15px; margin-bottom: 15px; padding: 0px; font-size: 14px; line-height: 23px; color: rgb(51, 51, 51); font-family: 宋体; white-space: normal; background-color: rgb(255, 255, 255);\">　　应该说，灰熊对库里的防守做了严密的部署，特别是当库里刚开始准备与队友打挡拆时，灰熊往往就会安排双人包夹，可一旦协防的球员脚步慢了一拍，寻找到一点空当的库里就会果断出手。正如</p><p style=\"margin-top: 15px; margin-bottom: 15px; padding: 0px; font-size: 14px; line-height: 23px; color: rgb(51, 51, 51); font-family: 宋体; white-space: normal; background-color: rgb(255, 255, 255);\">　　奥尼尔在中场休息时说的：“当他(库里)找到节奏时，一切防守都是徒劳的。”</p><p style=\"margin-top: 15px; margin-bottom: 15px; padding: 0px; font-size: 14px; line-height: 23px; color: rgb(51, 51, 51); font-family: 宋体; white-space: normal; background-color: rgb(255, 255, 255);\">　　值得一提的是，本场比赛上半场，库里就完成了个人季后赛生涯的100个三分球大关，而这只是他参加的第28场季后赛，并因此成为NBA历史上季后赛命中100球所需场次最少的球员，排在第二的是雷-阿伦。</p><p style=\"margin-top: 15px; margin-bottom: 15px; padding: 0px; font-size: 14px; line-height: 23px; color: rgb(51, 51, 51); font-family: 宋体; white-space: normal; background-color: rgb(255, 255, 255);\">　　整个上半场，三分球成为了库里的主要进攻手段，他一共9次出手，其中8次来自于三分球，命中5个球，得到15分。</p><p><a href=\"http://sax.sina.com.cn/dsp/click?t=MjAxNS0wNS0xNCAxNTozMjoxNgkxMTQuMTEzLjIyMS4xNzMJMTE0LjExMy4yMjEuMTY4XzE0MzA5MTU0NTIuMTg4ODA5CWQyYjQ3ZDViLTU0YmMtNDE3YS04YTFlLWIyZDM3ZGZjYTgwNwk2NjE5OQk1NDY4Mjk0MjkwX1BJTlBBSS1DUEMJMjEwMTQJMzQzNDg5CTguMTYxNjQyNUUtNAkxCXRydWUJUERQUzAwMDAwMDA1MTc3NwkyOTIxMzkJUEMJZmxhc2gJMAkx&userid=114.113.221.168_1430915452.188809&p=9ZFW5fVXSXKunBo5%2fTY4Rs1VmUzYV%2fG2CtRYWQ%3d%3d&url=http%3a%2f%2fsax.sina.com.cn%2fclick%3ftype%3d2%26t%3dZjU5MTU2ZTUtZjU1Ny00OTcyLWFlOWMtMWEzOWZkMzYzODQ2CTE3CVBEUFMwMDAwMDAwNTE3NzcJMjkyMTM5CTEJUlRCCS0%253d%26id%3d17%26url%3dhttp%253a%252f%252fvdax.youzu.com%252f%253fq%253d1504138QY9fnw%26sina_sign%3df716ca4caaa4d459&sign=57eeb2b33908c1d7\" target=\"_blank\" style=\"color: rgb(4, 84, 167); text-decoration: none; position: absolute; opacity: 0; width: 200px; height: 300px; left: 0px; top: 0px; background-image: initial; background-attachment: initial; background-size: initial; background-origin: initial; background-clip: initial; background-position: initial; background-repeat: initial;\"></a></p><p></p><p style=\"margin-top: 15px; margin-bottom: 15px; padding: 0px; font-size: 14px; line-height: 23px; color: rgb(51, 51, 51); font-family: 宋体; white-space: normal; background-color: rgb(255, 255, 255);\">　　除了三分球之外，库里的控球和传球视野也都是联盟顶级。说到库里的传球，尽管有时候显得太过随意，但是这种所谓“高风险高回报”的传球极具观赏性。第三节，库里接连送出两记跨越半场的长传，助攻格林和伊戈达拉得分。昔日史蒂夫-纳什领衔太阳队打出的跑轰篮球曾威震联盟，如今库里和勇士队则让跑轰重现。这种旋风球打法显然令灰熊队有些招架不住，下半场，勇士牢牢控制住场上的局面，并赢得了这场天王山战役。</p><p style=\"margin-top: 15px; margin-bottom: 15px; padding: 0px; font-size: 14px; line-height: 23px; color: rgb(51, 51, 51); font-family: 宋体; white-space: normal; background-color: rgb(255, 255, 255);\">　　值得一提的是，库里在这场比赛中还上演了6次抢断，并创造了他个人季后赛生涯的最高纪录。</p><p style=\"margin-top: 15px; margin-bottom: 15px; padding: 0px; font-size: 14px; line-height: 23px; color: rgb(51, 51, 51); font-family: 宋体; white-space: normal; background-color: rgb(255, 255, 255);\">　　近日，尼克斯总裁菲尔-杰克逊曾在推特上暗讽靠三分球的队伍在季后赛中表现不佳。有意思的是，库里在这场比赛中的全部进球都来自于三分线外。在他的带领下，勇士本场的三分球命中率达到46.7%。库里和勇士队再次证明：当靠三分的球队手感好起来的时候，再强的防守也无法阻挡。</p><p style=\"margin-top: 15px; margin-bottom: 15px; padding: 0px; font-size: 14px; line-height: 23px; color: rgb(51, 51, 51); font-family: 宋体; white-space: normal; background-color: rgb(255, 255, 255);\">　　(罗森)</p>', '0');
INSERT INTO `new` VALUES ('12', '天王山!勇士出一招拖死灰熊 NBA最炫快打旋风', '1431589390', '', '514131813.jpg', '<p style=\"margin-top: 15px; margin-bottom: 15px; padding: 0px; font-size: 14px; line-height: 23px; color: rgb(51, 51, 51); font-family: 宋体; white-space: normal; background-color: rgb(255, 255, 255);\">　　新浪体育讯　西区季后赛第二轮，金州勇士在主场以98-78击败了孟菲斯灰熊，拿下了天王山之战，大比分3-2领先，拿到赛点。勇士全场投中14个三分球，三分命中率46.7%。</p><p style=\"margin-top: 15px; margin-bottom: 15px; padding: 0px; font-size: 14px; line-height: 23px; color: rgb(51, 51, 51); font-family: 宋体; white-space: normal; background-color: rgb(255, 255, 255);\">　　本场比赛是双方的天王山之战，两支球队自然都希望取得胜利。勇士在自己的主场打得十分主动，今天他们终于找回了自己，上半场就投中了9个三分球。</p><p style=\"margin-top: 15px; margin-bottom: 15px; padding: 0px; font-size: 14px; line-height: 23px; color: rgb(51, 51, 51); font-family: 宋体; white-space: normal; background-color: rgb(255, 255, 255);\">　　勇士犀利的进攻，尤其是三分火力，在本场比赛得到了淋漓尽致的展示。首节比赛，斯蒂芬-库里就率先发难，萌神单节投中了4记三分球，哈里森-巴恩斯也在底角发炮，勇士单节5记三分，直接把灰熊射懵了。虽然灰熊打出了高效的内线进攻，扎克-兰多夫在内线翻江倒海，甚至还拉到外线投中一记三分，但打完第一节，灰熊还是以25-26落后一分。</p><p style=\"margin-top: 15px; margin-bottom: 15px; padding: 0px; font-size: 14px; line-height: 23px; color: rgb(51, 51, 51); font-family: 宋体; white-space: normal; background-color: rgb(255, 255, 255);\">　　整个上半场，勇士三分球17投9中，命中率高达52.9%，而灰熊三分球7投1中，命中率14.3%；打完三节，勇士三分球25投11中，命中率44.0%，而灰熊三分球10投1中，命中率只有10%。</p><p style=\"margin-top: 15px; margin-bottom: 15px; padding: 0px; font-size: 14px; line-height: 23px; color: rgb(51, 51, 51); font-family: 宋体; white-space: normal; background-color: rgb(255, 255, 255);\">　　这也证明勇士已经找回了感觉——甚至比正常形态更出色。在本赛季常规赛，勇士场均三分球出手27.0次，命中10.8个，命中率39.8%；而在季后赛中，勇士场均三分球出手29.6次，命中10.8个，命中率36.3%。在常规赛和季后赛，勇士的场均三分球命中数都位列联盟第二，不过勇士的三分命中率在常规赛位列联盟第一，而在季后赛只能位列联盟第四。</p><p><a href=\"http://sax.sina.com.cn/dsp/click?t=MjAxNS0wNS0xNCAxNTo0MzoyNgkxMTQuMTEzLjIyMS4xNzMJMTE0LjExMy4yMjEuMTY4XzE0MzA5MTU0NTIuMTg4ODA5CWU1ZWE2N2ZkLWUyOTItNGUzZi05OTdkLTcwOGY2ZjVmYmEyZgk3NDU5MAk1NDY4Mjk0MjkwX1BJTlBBSS1DUEMJMjQ4MTIJMzc0NTY1CTQuNjU2Njc2M0UtNAkxCXRydWUJUERQUzAwMDAwMDA1MTc3NwkzMjgxNjcJUEMJZmxhc2gJMAkx&userid=114.113.221.168_1430915452.188809&p=4wINPwrRQkGqdb0rK7FzMErk55KIFwRk%2bw4Zpg%3d%3d&url=http%3a%2f%2fsax.sina.com.cn%2fclick%3ftype%3d2%26t%3dZTMwMjBkM2YtMGFkMS00MjQxLWFhNzUtYmQyYjJiYjE3MzMwCTE3CVBEUFMwMDAwMDAwNTE3NzcJMzI4MTY3CTEJUlRCCS0%253d%26id%3d17%26url%3dhttp%253a%252f%252fvdax.youzu.com%252f%253fq%253d150507YMd4D6X%26sina_sign%3d52eece1749141721&sign=0f962bead186db38\" target=\"_blank\" style=\"color: rgb(4, 84, 167); text-decoration: none; position: absolute; opacity: 0; width: 200px; height: 300px; left: 0px; top: 0px; background-image: initial; background-attachment: initial; background-size: initial; background-origin: initial; background-clip: initial; background-position: initial; background-repeat: initial;\"></a></p><p></p><p style=\"margin-top: 15px; margin-bottom: 15px; padding: 0px; font-size: 14px; line-height: 23px; color: rgb(51, 51, 51); font-family: 宋体; white-space: normal; background-color: rgb(255, 255, 255);\">　　在对阵灰熊的系列赛中，也提现了三分球对于勇士的重要性。第一场比赛，勇士三分球28投13中，球队赢球；第二战勇士三分球26投6中，输球；第三场勇士三分依然是26投6中，输球；第四战33投14中，赢球。本场比赛，勇士三分球30投14中，命中率是五场比赛以来最高的，而20分的分差也是本次系列赛的赢球最大分差。</p><p style=\"margin-top: 15px; margin-bottom: 15px; padding: 0px; font-size: 14px; line-height: 23px; color: rgb(51, 51, 51); font-family: 宋体; white-space: normal; background-color: rgb(255, 255, 255);\">　　综合来看，本场比赛是一场典型的勇士比赛——勇士自己得分很高，全场拿下98分；效率也非常出色，投篮命中率46.9%，三分命中率46.7%，罚球命中率80%，三项命中率合计甚至接近了180俱乐部，对于球队来说，这是非常可怕的。从防守来看，勇士对灰熊的限制非常到位，灰熊全场命中率只有39.8%，三分命中率只有26.7%，几乎无法组织有效的进攻。</p><p style=\"margin-top: 15px; margin-bottom: 15px; padding: 0px; font-size: 14px; line-height: 23px; color: rgb(51, 51, 51); font-family: 宋体; white-space: normal; background-color: rgb(255, 255, 255);\">　　自己进攻犀利，防守扎实，这才是勇士——那支常规赛进攻效率第二，防守效率第一的王者之师。面对这样的勇士，灰熊输得不冤。</p><p style=\"margin-top: 15px; margin-bottom: 15px; padding: 0px; font-size: 14px; line-height: 23px; color: rgb(51, 51, 51); font-family: 宋体; white-space: normal; background-color: rgb(255, 255, 255);\">　　(咕哒)</p>', '0');
INSERT INTO `new` VALUES ('13', '霍福德准绝杀老鹰3-2 沃尔复出奇才功亏一篑', '1431589659', '', '46523.jpg', '<p style=\"margin-top: 15px; margin-bottom: 15px; padding: 0px; font-size: 14px; line-height: 23px; color: rgb(51, 51, 51); font-family: 宋体; white-space: normal; background-color: rgb(255, 255, 255);\">新浪体育讯　北京时间5月14日，老鹰主场以82-81险胜奇才，总比分以3-2领先。</p><p style=\"margin-top: 15px; margin-bottom: 15px; padding: 0px; font-size: 14px; line-height: 23px; color: rgb(51, 51, 51); font-family: 宋体; white-space: normal; background-color: rgb(255, 255, 255);\">　　艾尔-霍福德在终场前1.9秒补中制胜一球，全场得了23分、11个篮板和5个盖帽，保罗-米尔萨普得了4分7个篮板，杰夫-蒂格14分5次助攻，德马尔-卡罗尔10分10个篮板。</p><p style=\"margin-top: 15px; margin-bottom: 15px; padding: 0px; font-size: 14px; line-height: 23px; color: rgb(51, 51, 51); font-family: 宋体; white-space: normal; background-color: rgb(255, 255, 255);\">　　保罗-皮尔斯<a class=\"wt_article_link\" href=\"http://weibo.com/paulpiercec?zw=sports\" target=\"_blank\" style=\"color: rgb(4, 84, 167); text-decoration: none;\">[微博]</a>在终场前8.3秒投中三分，几乎为奇才取得胜利，全场得了11分。布拉德利-比尔拿下了23分7个篮板，约翰-沃尔<a class=\"wt_article_link\" href=\"http://weibo.com/johnwall1?zw=sports\" target=\"_blank\" style=\"color: rgb(4, 84, 167); text-decoration: none;\">[微博]</a>复出，得了15分7次助攻，马尔辛-戈塔特14分8个篮板。</p><p style=\"margin-top: 15px; margin-bottom: 15px; padding: 0px; font-size: 14px; line-height: 23px; color: rgb(51, 51, 51); font-family: 宋体; white-space: normal; background-color: rgb(255, 255, 255);\">　　第五场是“天王山”之战，重要性不言自明。奇才拼了，甚至派出了此前因伤缺阵的沃尔。</p><p style=\"margin-top: 15px; margin-bottom: 15px; padding: 0px; font-size: 14px; line-height: 23px; color: rgb(51, 51, 51); font-family: 宋体; white-space: normal; background-color: rgb(255, 255, 255);\">　　沃尔左手多次骨裂，本来有可能季后赛都不再复出，但他今天赛前决定出战，令人意外。</p><p style=\"margin-top: 15px; margin-bottom: 15px; padding: 0px; font-size: 14px; line-height: 23px; color: rgb(51, 51, 51); font-family: 宋体; white-space: normal; background-color: rgb(255, 255, 255);\">　　在今年的季后赛中，沃尔在场时，奇才5战5胜，而沃尔缺阵的3场，奇才输了2场。</p><p style=\"margin-top: 15px; margin-bottom: 15px; padding: 0px; font-size: 14px; line-height: 23px; color: rgb(51, 51, 51); font-family: 宋体; white-space: normal; background-color: rgb(255, 255, 255);\">　　虽然今天是带伤出战，沃尔仍保持极快的速度。开场后不久，他就在快攻中上篮得分，奇才以4-0开局。不过奇才此后命中率下降，近3分钟未能投篮命中，老鹰两度命中三分，打出10-2后，以10-6反超。本节还有7分47秒时，沃尔再次在快攻中上篮得分，奇才状态略有恢复，开始与老鹰死磕。沃尔本节得了6分，但他们在本节最后3分28秒只投中一球，首节过后以19-23落后。</p><p style=\"margin-top: 15px; margin-bottom: 15px; padding: 0px; font-size: 14px; line-height: 23px; color: rgb(51, 51, 51); font-family: 宋体; white-space: normal; background-color: rgb(255, 255, 255);\">　　第二节还有5分06秒时，米尔萨普挑篮得手，老鹰以35-28扩大了优势。沃尔发威，频频发起攻击，本节还有2分33秒时，他从后场带球，直接发起攻击，到前场转身过后人，轻松中投命中，奇才以38-37反超。老鹰开始陷入困境，失误连连，而沃尔状态正佳，此后他妙传比尔，后者连投带罚拿下3分，然后沃尔又两罚两中，奇才单节以28-18胜出，上半场以47-41领先。</p><p style=\"margin-top: 15px; margin-bottom: 15px; padding: 0px; font-size: 14px; line-height: 23px; color: rgb(51, 51, 51); font-family: 宋体; white-space: normal; background-color: rgb(255, 255, 255);\">　　老鹰在第三节开始后不久失误，沃尔抢断之后发起快攻，比尔上篮得手。紧接着比尔也抢断成功，内内中投命中后，奇才以51-41取得了两位数的优势。关键时刻蒂格还以一记三分，而霍福德此后补篮得手，老鹰打出7-0后，迅速缩小差距。本节还有5分21秒时，比尔命中三分，奇才以58-51再度拉开差距，不过接下来4分钟他们一分未得。老鹰抓住机会，打出一波10-0后，以61-58反超。奇才本节只得15分，三节过后，反而以62-63落后1分。</p><p style=\"margin-top: 15px; margin-bottom: 15px; padding: 0px; font-size: 14px; line-height: 23px; color: rgb(51, 51, 51); font-family: 宋体; white-space: normal; background-color: rgb(255, 255, 255);\">　　第四节打了7分钟，老鹰竟然还未能命中一球，而比尔连续命中，奇才以一波11-1开始本节，一举以73-64取得优势。老鹰被逼入了绝境，本节还有4分58秒时，科沃尔远离三分线就出后，竟然命中，34秒后，霍福德也在右角命中三分，老鹰连得8分，逼得奇才叫了暂停。</p><p style=\"margin-top: 15px; margin-bottom: 15px; padding: 0px; font-size: 14px; line-height: 23px; color: rgb(51, 51, 51); font-family: 宋体; white-space: normal; background-color: rgb(255, 255, 255);\">　　暂停回来后，奇才仍连连投篮不中，老鹰继续他们的攻势，施劳德连续投篮命中后，他们完成了14-0的攻击波，在比赛还有2分29秒时，老鹰以78-73超出。</p><p style=\"margin-top: 15px; margin-bottom: 15px; padding: 0px; font-size: 14px; line-height: 23px; color: rgb(51, 51, 51); font-family: 宋体; white-space: normal; background-color: rgb(255, 255, 255);\">　　皮尔斯在比赛还有2分04秒时，果然外线出手，应声命中三分，这是奇才4分钟内首次得分。比赛还有51.3秒时，戈塔特勾手命中，奇才将比分追成78-78。</p><p style=\"margin-top: 15px; margin-bottom: 15px; padding: 0px; font-size: 14px; line-height: 23px; color: rgb(51, 51, 51); font-family: 宋体; white-space: normal; background-color: rgb(255, 255, 255);\">　　奇才成功防住了老鹰关键的攻击，但皮尔斯仓促中竟然失误，给了老鹰快攻的机会，卡罗尔上篮得手，在比赛不还有14.9秒时，老鹰以80-78占据上风。</p><p style=\"margin-top: 15px; margin-bottom: 15px; padding: 0px; font-size: 14px; line-height: 23px; color: rgb(51, 51, 51); font-family: 宋体; white-space: normal; background-color: rgb(255, 255, 255);\">　　皮尔斯挺身而出，在比赛还有8.3秒时，三分命中，奇才以81-80超出。可惜他给老鹰留下了足够的进攻时间。</p><p style=\"margin-top: 15px; margin-bottom: 15px; padding: 0px; font-size: 14px; line-height: 23px; color: rgb(51, 51, 51); font-family: 宋体; white-space: normal; background-color: rgb(255, 255, 255);\">　　施罗德的投篮遭到了盖帽，但霍福德抢下进攻篮板，奇才的防守人已经跟不上，只能看着他补篮得手。</p><p style=\"margin-top: 15px; margin-bottom: 15px; padding: 0px; font-size: 14px; line-height: 23px; color: rgb(51, 51, 51); font-family: 宋体; white-space: normal; background-color: rgb(255, 255, 255);\">　　最后1.9秒，奇才已经没有暂停，只得仓促出手远投，未能命中，奇才功亏一篑，以2-3落后。</p><p style=\"margin-top: 15px; margin-bottom: 15px; padding: 0px; font-size: 14px; line-height: 23px; color: rgb(51, 51, 51); font-family: 宋体; white-space: normal; background-color: rgb(255, 255, 255);\">　　(吴哥)</p>', '0');
INSERT INTO `new` VALUES ('14', '勇士双人组外暗藏惊喜 板匪归位!冲冠靠这股劲', '1431589930', '', '514134021.jpg', '<p style=\"margin-top: 15px; margin-bottom: 15px; padding: 0px; font-size: 14px; line-height: 23px; color: rgb(51, 51, 51); font-family: 宋体; white-space: normal; background-color: rgb(255, 255, 255);\">　　新浪体育讯　金州勇士主场98-78大胜孟菲斯灰熊，3-2率先赢得赛点。本场比赛，双方主将表现各有千秋，但勇士队强大的阵容深度完爆对手，包括德雷蒙德-格林、安德烈-伊戈达拉以及大卫-李在内多名角色球员均有出色发挥，最终成为决定比赛走势的关键因素。</p><p style=\"margin-top: 15px; margin-bottom: 15px; padding: 0px; font-size: 14px; line-height: 23px; color: rgb(51, 51, 51); font-family: 宋体; white-space: normal; background-color: rgb(255, 255, 255);\">　　今天的比赛，是本轮系列赛的天王山之战，“水花兄弟”总计32投13中，拿到39分10次助攻，只能算是正常发挥。而对面，黑白熊联手31分22个篮板7次助攻，仅以明星二人组而论，完全不落下风。</p><p style=\"margin-top: 15px; margin-bottom: 15px; padding: 0px; font-size: 14px; line-height: 23px; color: rgb(51, 51, 51); font-family: 宋体; white-space: normal; background-color: rgb(255, 255, 255);\">　　最大差别在于：勇士队除了后场双星，其他人也有突出贡献，整体表现更胜一筹。最终，伊戈达拉10投7中贡献16分3个篮板3次助攻，一个人的得分几乎就抵上了对方整个板凳席(灰熊本场比赛替补得分17分)；格林虽然手感平平只拿7分，但送出个人季后赛生涯最高的9次助攻；而李呢？仅仅出场17分26秒，就贡献了6分和7个篮板。</p><p style=\"margin-top: 15px; margin-bottom: 15px; padding: 0px; font-size: 14px; line-height: 23px; color: rgb(51, 51, 51); font-family: 宋体; white-space: normal; background-color: rgb(255, 255, 255);\">　　其实说格林、伊戈达拉和李是角色球员有点委屈他们了。伊戈达拉和李不久之前都还是准全明星级别的选手，又都正值当打之年，只是因为勇士队惊人的阵容深度才屈尊出任替补。</p><p><a href=\"http://sax.sina.com.cn/dsp/click?t=MjAxNS0wNS0xNCAxNTo1MjozNAkxMTQuMTEzLjIyMS4xNzMJMTE0LjExMy4yMjEuMTY4XzE0MzA5MTU0NTIuMTg4ODA5CTI2ZjczNTU2LTgzOTQtNDIyNS05NzJmLTE1ODNlOWY1MWNiYwk2NjE5OQk1NDY4Mjk0MjkwX1BJTlBBSS1DUEMJMjEwMTQJMzM5ODAxCTguMTU0NzkxNEUtNAkxCXRydWUJUERQUzAwMDAwMDA1MTc3NwkyOTIxMzkJUEMJZmxhc2gJMAkx&userid=114.113.221.168_1430915452.188809&p=AC%2f63egKToCvI8DzaycLBsST4hU5LqyrQFFD1w%3d%3d&url=http%3a%2f%2fsax.sina.com.cn%2fclick%3ftype%3d2%26t%3dMDAyZmZhZGQtZTgwYS00ZTgwLWFmMjMtYzBmMzZiMjcwYjA2CTE3CVBEUFMwMDAwMDAwNTE3NzcJMjkyMTM5CTEJUlRCCS0%253d%26id%3d17%26url%3dhttp%253a%252f%252fvdax.youzu.com%252f%253fq%253d1504138QY9fnw%26sina_sign%3df716ca4caaa4d459&sign=37affe5bceb83abc\" target=\"_blank\" style=\"color: rgb(4, 84, 167); position: absolute; opacity: 0; width: 200px; height: 300px; left: 0px; top: 0px; background-image: initial; background-attachment: initial; background-size: initial; background-origin: initial; background-clip: initial; background-position: initial; background-repeat: initial;\"></a></p><p></p><p style=\"margin-top: 15px; margin-bottom: 15px; padding: 0px; font-size: 14px; line-height: 23px; color: rgb(51, 51, 51); font-family: 宋体; white-space: normal; background-color: rgb(255, 255, 255);\">　　伊戈达拉虽然巅峰已过，不再是当年叱咤联盟的费城老大，但防守功力仍在，组织策应也有一手，个人进攻方面虽然不是他的长项，但打打反击，投投空位三分没有任何问题。李因为防守问题而一度遭科尔弃用，但毕竟也是拿两双如探囊取物的内线利器，作为板凳球员，实力远非灰熊板凳可比。</p><p style=\"margin-top: 15px; margin-bottom: 15px; padding: 0px; font-size: 14px; line-height: 23px; color: rgb(51, 51, 51); font-family: 宋体; white-space: normal; background-color: rgb(255, 255, 255);\">　　至于格林，更是本赛季联盟最大的惊喜之一，隐隐有加入水花，成为勇士三巨头的趋势，季后赛首轮对鹈鹕，更是有场均15.8分12.8个篮板6.3次助攻的超级演出。再加上联盟最顶尖的低位防守者安德鲁-博格特以及少年老成的哈里森-巴恩斯，勇士正是凭借这样一套豪华阵容，横扫常规赛，创下队史最佳战绩的。</p><p style=\"margin-top: 15px; margin-bottom: 15px; padding: 0px; font-size: 14px; line-height: 23px; color: rgb(51, 51, 51); font-family: 宋体; white-space: normal; background-color: rgb(255, 255, 255);\">　　相比之下，灰熊只有内线双熊算是强点，后卫线迈克-康利<a class=\"wt_article_link\" href=\"http://weibo.com/mikeconley11?zw=sports\" target=\"_blank\" style=\"color: rgb(4, 84, 167); text-decoration: none;\">[微博]</a>虽然可靠但光追防库里就已经疲于奔命了，随着托尼-阿伦的伤停，被勇士完爆也就不足为奇了。</p><p style=\"margin-top: 15px; margin-bottom: 15px; padding: 0px; font-size: 14px; line-height: 23px; color: rgb(51, 51, 51); font-family: 宋体; white-space: normal; background-color: rgb(255, 255, 255);\">　　接下来，灰熊若想绝处逢生，让系列赛再生悬念，除了双熊要提供稳定贡献之外，恐怕还得指望其他球员能够挺身而出有超常发挥了。</p><p style=\"margin-top: 15px; margin-bottom: 15px; padding: 0px; font-size: 14px; line-height: 23px; color: rgb(51, 51, 51); font-family: 宋体; white-space: normal; background-color: rgb(255, 255, 255);\">　　(熊猫)</p>', '2');
INSERT INTO `new` VALUES ('15', '21+5+4汤神不输萌神 水花合体先谢灰熊少了他', '1431589997', '', '514132647.jpg', '<p style=\"margin-top: 15px; margin-bottom: 15px; padding: 0px; font-size: 14px; line-height: 23px; color: rgb(51, 51, 51); font-family: 宋体; white-space: normal; background-color: rgb(255, 255, 255);\">　　新浪体育讯　西区季后赛第二轮，金州勇士在主场以98-78击败了孟菲斯灰熊，拿下了天王山之战，大比分3-2领先，拿到赛点。勇士后卫克雷-汤普森<a class=\"wt_article_link\" href=\"http://weibo.com/klaythompson?zw=sports\" target=\"_blank\" style=\"color: rgb(4, 84, 167); text-decoration: none;\">[微博]</a>出战39分钟，16投7中拿到全场最高的21分，另有4篮板5助攻。</p><p style=\"margin-top: 15px; margin-bottom: 15px; padding: 0px; font-size: 14px; line-height: 23px; color: rgb(51, 51, 51); font-family: 宋体; white-space: normal; background-color: rgb(255, 255, 255);\">　　本场比赛，勇士找回自己，全场投中14个三分球，以20分的分差获得了一场酣畅淋漓的胜利。而勇士后卫汤普森也找回了自己，全场16投7中，拿下21分，终于让“水花兄弟”成功合体。</p><p style=\"margin-top: 15px; margin-bottom: 15px; padding: 0px; font-size: 14px; line-height: 23px; color: rgb(51, 51, 51); font-family: 宋体; white-space: normal; background-color: rgb(255, 255, 255);\">　　本赛季开始前，汤普森以顶薪价格与勇士续约，当时就有一些人质疑汤普森，认为一个投手不值这么多钱。但汤普森马上用行动证明了自己的价值——新赛季开打不久，就在偶像科比面前狂砍41分。整个赛季，他场均拿到21.7分3.2篮板2.9助攻1.1抢断0.8封盖，投篮命中率46.3%，三分命中率43.9%，得分和两项命中率都是生涯最高纪录。</p><p style=\"margin-top: 15px; margin-bottom: 15px; padding: 0px; font-size: 14px; line-height: 23px; color: rgb(51, 51, 51); font-family: 宋体; white-space: normal; background-color: rgb(255, 255, 255);\">　　在季后赛中，汤普森的表现本来也不错。对阵鹈鹕时，他场均得到25分，三分命中率高达48.5%；但对阵灰熊时，场均得分只有17分，三分命中率只有35.3%。</p><p style=\"margin-top: 15px; margin-bottom: 15px; padding: 0px; font-size: 14px; line-height: 23px; color: rgb(51, 51, 51); font-family: 宋体; white-space: normal; background-color: rgb(255, 255, 255);\">　　这显然不是汤普森的正常状态。勇士之所以愿意给汤普森一个顶薪，主要原因有三点：第一，现在是控卫时代，出色的大前锋也很多，但得分后卫十分凋零，汤普森这种得分后卫，已经是联盟顶级，而且有价无市。第二，汤普森不仅是擅长投篮，而且他的防守也非常好，是联盟顶级的3D球员，从性价比上讲，3D球员当然是外线最合适的选择。第三，汤普森和库里关系非常好，而且球风与库里相匹配——库里不擅长防守，而汤普森擅长，遇到克里斯-保罗、威斯布鲁克这样的控卫，汤普森可以和库里换防；而且库里能投能传，他需要一个能在外线接球的搭档，而汤普森接近45%的三分命中率正是最好的选择。</p><p style=\"margin-top: 15px; margin-bottom: 15px; padding: 0px; font-size: 14px; line-height: 23px; color: rgb(51, 51, 51); font-family: 宋体; white-space: normal; background-color: rgb(255, 255, 255);\">　　可面对灰熊时——汤普森却吃瘪了。原因有两方面，一是他要面对联盟顶级大锁托尼-阿伦，汤普森被阿伦缠的非常难受，虽然说效率并不是特别低，但出手机会大大减少。系列赛前四战，汤普森只有一场球得分上20分；同时阿伦几乎断掉了汤普森持球的念想，打完前四场，汤普森一共只罚中了1个球！</p><p><img alt=\"托尼阿伦坐在场边十分郁闷\" src=\"/PHPdemo_practice_byself/jerise-nba/public/index/images/new/20150514/1431589973836279.jpg\" title=\"托尼阿伦坐在场边十分郁闷\" style=\"margin: 0px auto; padding: 0px; border: 1px solid rgb(231, 231, 231); display: block;\"/><span class=\"img_descr\" style=\"line-height: 20px; padding: 6px 0px; color: rgb(102, 102, 102); font-size: 12px; margin: 5px auto; display: inline-block; zoom: 1; text-align: left;\">托尼阿伦坐在场边十分郁闷</span></p><p><a href=\"http://sax.sina.com.cn/dsp/click?t=MjAxNS0wNS0xNCAxNTo1MzoyNgkxMTQuMTEzLjIyMS4xNzMJMTE0LjExMy4yMjEuMTY4XzE0MzA5MTU0NTIuMTg4ODA5CWU4MjRhZDY5LWI3OTQtNDA5Yi04MWY5LTM4MGI0NjZlY2VkNAk2NDk0OAk1NDY4Mjk0MjkwX1BJTlBBSS1DUEMJMjA0NDQJMzI0ODk2CTYuODM3NjU3RS00CTEJdHJ1ZQlQRFBTMDAwMDAwMDUxNzc3CTI4NDYyNglQQwlmbGFzaAkwCTE=&userid=114.113.221.168_1430915452.188809&p=KmGTR3F8R8WS4dDXSTPyRtg4j4TiBiVBi0wHGA%3d%3d&url=http%3a%2f%2fsax.sina.com.cn%2fclick%3ftype%3d2%26t%3dMmE2MTkzNDctNzE3Yy00N2M1LTkyZTEtZDBkNzQ5MzNmMjQ2CTE3CVBEUFMwMDAwMDAwNTE3NzcJMjg0NjI2CTEJUlRCCS0%253d%26id%3d17%26url%3dhttp%253a%252f%252fvdax.youzu.com%252f%253fq%253d150408Za7HLXw%26sina_sign%3d1933da1939340346&sign=435b8d8d3360f87d\" target=\"_blank\" style=\"color: rgb(4, 84, 167); text-decoration: none; position: absolute; opacity: 0; width: 200px; height: 300px; left: 0px; top: 0px; background-image: initial; background-attachment: initial; background-size: initial; background-origin: initial; background-clip: initial; background-position: initial; background-repeat: initial;\"></a></p><p></p><p style=\"margin-top: 15px; margin-bottom: 15px; padding: 0px; font-size: 14px; line-height: 23px; color: rgb(51, 51, 51); font-family: 宋体; white-space: normal; background-color: rgb(255, 255, 255);\">　　好在今天阿伦脚筋受伤，不得不缺席比赛。汤普森终于迎来了一场酣畅淋漓的发挥。上一场，汤普森在勇士赢球的情况下，还被阿伦防了个15投6中，本场比赛阴影离开，汤普森果断发力，三分球4投3中，总计15投7中，拿下了本轮系列赛最高的21分，2次失误也是本轮系列赛最少的。</p><p style=\"margin-top: 15px; margin-bottom: 15px; padding: 0px; font-size: 14px; line-height: 23px; color: rgb(51, 51, 51); font-family: 宋体; white-space: normal; background-color: rgb(255, 255, 255);\">　　事实证明，汤普森的变换并不大，唯一的变化是他面前少了托尼-阿伦。因此本场比赛虽然赢得舒畅，但汤普森的心魔未必就褪去了。想要成为联盟顶级外线球员，汤普森必须和阿伦刚一次正面，用行动证明自己能顶住任何防守压力。只有这样，汤普森才能真正对得起自己那4年7000万美元的合同。</p><p style=\"margin-top: 15px; margin-bottom: 15px; padding: 0px; font-size: 14px; line-height: 23px; color: rgb(51, 51, 51); font-family: 宋体; white-space: normal; background-color: rgb(255, 255, 255);\">　　(咕哒)</p>', '0');
INSERT INTO `new` VALUES ('16', '绝杀反绝杀!霍福德KO皮大爷 两人7年前就有仇', '1431590161', '', '1304.jpg', '<p style=\"margin-top: 15px; margin-bottom: 15px; padding: 0px; font-size: 14px; line-height: 23px; color: rgb(51, 51, 51); font-family: 宋体; white-space: normal; background-color: rgb(255, 255, 255);\">　　新浪体育讯　北京时间5月14日，今天亚特兰大老鹰和华盛顿奇才的天王山之战可谓一波三折，最后时刻更上演绝杀反绝杀。保罗-皮尔斯命中关键三分球率队反超，但艾尔-霍福德补篮准绝杀，老鹰也以82-81获胜，总比分3-2领先。</p><p style=\"margin-top: 15px; margin-bottom: 15px; padding: 0px; font-size: 14px; line-height: 23px; color: rgb(51, 51, 51); font-family: 宋体; white-space: normal; background-color: rgb(255, 255, 255);\">　　本轮前2场的焦点都在老将皮尔斯一身，本场也不例外。第四节中段，奇才还以73-64领先，但老鹰突然找回外线手感，打出一波14-0，以78-73反超。危急时刻，皮尔斯接布拉德利-比尔传球命中3分，约翰-沃尔再助攻马尔辛-戈塔特篮下勾手打中，双方在终场前51秒战成78平。</p><p style=\"margin-top: 15px; margin-bottom: 15px; padding: 0px; font-size: 14px; line-height: 23px; color: rgb(51, 51, 51); font-family: 宋体; white-space: normal; background-color: rgb(255, 255, 255);\">　　鉴于本场带伤出战的沃尔近2次进攻未果，奇才选择在关键时刻再次信任皮尔斯。第3场皮尔斯命中三分球绝杀，第4场他的关键三分球则弹框而出，也才有了今天的天王山之战。这次他能满足首都球迷的期许吗？</p><p style=\"margin-top: 15px; margin-bottom: 15px; padding: 0px; font-size: 14px; line-height: 23px; color: rgb(51, 51, 51); font-family: 宋体; white-space: normal; background-color: rgb(255, 255, 255);\">　　结果，皮尔斯却在对手3人围堵下丢球，老鹰发动潮水般快攻，沃尔且退且防，仍无法阻止德马尔-卡罗尔上篮得手。气愤的皮尔斯一屁股坐在板凳上，后辈们见状上来安抚，他竟一把将他们的双手甩开。</p><p style=\"margin-top: 15px; margin-bottom: 15px; padding: 0px; font-size: 14px; line-height: 23px; color: rgb(51, 51, 51); font-family: 宋体; white-space: normal; background-color: rgb(255, 255, 255);\">　　老将不会就此善罢甘休。终于，在终场前8秒，奇才经过一番从底线到罚球弧顶再到底角的传递，球又交到皮尔斯手中。这次他没再让机会溜走，只见他高高跃起，在对手封堵前命中三分球，奇才81-80反超！此球得手后，皮尔斯也是踌躇满志，一路奔回本队替补席，老鹰球迷则双手抱头，紧张万分。</p><p><a href=\"http://sax.sina.com.cn/dsp/click?t=MjAxNS0wNS0xNCAxNTo1NjoxMAkxMTQuMTEzLjIyMS4xNzMJMTE0LjExMy4yMjEuMTY4XzE0MzA5MTU0NTIuMTg4ODA5CTM1ZGI5MzNlLTRhZDEtNDQwNi1iYjZmLTMwMmEzNjQ3YTgyMgk1MTI0Mgk1MjYyNDYzNDMzX1BJTlBBSS1DUEMJMTU1MzMJNTU3MDQ4CTMuOTExNjQyRS00CTEJdHJ1ZQlQRFBTMDAwMDAwMDUxNzc3CTIzMzM0OAlQQwlmbGFzaAkwCTE=&userid=114.113.221.168_1430915452.188809&p=fQasRs3YRf6Rn8hLEKa%2bndPPRIXrnlIrG0Ah6Q%3d%3d&url=http%3a%2f%2fsax.sina.com.cn%2fclick%3ftype%3d2%26t%3dN2QwNmFjNDYtY2RkOC00NWZlLTkxOWYtYzg0YjEwYTZiZTlkCTE3CVBEUFMwMDAwMDAwNTE3NzcJMjMzMzQ4CTEJUlRCCS0%253d%26id%3d17%26url%3dhttp%253a%252f%252fvdax.youzu.com%252f%253fq%253d1501223FYOeRH%26sina_sign%3d470309402ec1547c&sign=7441c8e66306451e\" target=\"_blank\" style=\"color: rgb(4, 84, 167); text-decoration: none; position: absolute; opacity: 0; width: 200px; height: 300px; left: 0px; top: 0px; background-image: initial; background-attachment: initial; background-size: initial; background-origin: initial; background-clip: initial; background-position: initial; background-repeat: initial;\"></a></p><p></p><p style=\"margin-top: 15px; margin-bottom: 15px; padding: 0px; font-size: 14px; line-height: 23px; color: rgb(51, 51, 51); font-family: 宋体; white-space: normal; background-color: rgb(255, 255, 255);\">　　皮尔斯再次成为奇才救世主？此球令人回想起第3场那价值连城的三分球绝杀，唯一的不同是还给对手留下8秒时间，正是这8秒改变了一切。</p><p style=\"margin-top: 15px; margin-bottom: 15px; padding: 0px; font-size: 14px; line-height: 23px; color: rgb(51, 51, 51); font-family: 宋体; white-space: normal; background-color: rgb(255, 255, 255);\">　　暂停后，老鹰边线发球，丹尼斯-施罗德强行突破遭沃尔封盖，但奇才此时犯下致命错误。施罗德的突破吸引奇才多人防守，内内更是忘记了对位的霍福德。就在球弹框而出时，内内本已将球拿在手中，却被身后跃起的霍福德生生将球拿下。落地后略作调整，霍福德稳稳补篮命中，老鹰82-81再反超。此时时间只剩不到2秒，但客队已无暂停。最终在沃尔绝望的超远三分球不中时，老鹰球员兴奋冲入场内庆祝，皮尔斯则黯然离场。</p><p style=\"margin-top: 15px; margin-bottom: 15px; padding: 0px; font-size: 14px; line-height: 23px; color: rgb(51, 51, 51); font-family: 宋体; white-space: normal; background-color: rgb(255, 255, 255);\">　　皮尔斯未能再次挽救球队，更令他气结的是抢走“煮熟的鸭子”的是霍福德，二人曾结下梁子。2008年季后赛首轮凯尔特人和老鹰7场大战，霍福德曾挑衅过皮尔斯，并在后者倒地时指着他的鼻子痛骂。7年前，霍福德和老鹰没能阻挡绿衫军夺冠的脚步；7年后，他们却可能阻断皮尔斯前进之路。</p><p style=\"margin-top: 15px; margin-bottom: 15px; padding: 0px; font-size: 14px; line-height: 23px; color: rgb(51, 51, 51); font-family: 宋体; white-space: normal; background-color: rgb(255, 255, 255);\">　　鹿死谁手，这轮系列赛还会给我们带来哪些令人血脉贲张的个人英雄演出，拭目以待。(魑魅)</p>', '0');
INSERT INTO `new` VALUES ('17', '皮尔斯霸气语录：准绝杀后喊结束了 我太坏了', '1431590235', '', '4144541.jpg', '<p style=\"margin-top: 15px; margin-bottom: 15px; padding: 0px; font-size: 14px; line-height: 23px; color: rgb(51, 51, 51); font-family: 宋体; white-space: normal; background-color: rgb(255, 255, 255);\">　　新浪体育讯　华盛顿奇才对亚特兰大老鹰的第五场天王山之战，老将保罗-皮尔斯最后8.3秒三分命中，为球队将比分反超成81-80，当时他一定以为，比赛已经结束。可显然他高兴得太早了。</p><p style=\"margin-top: 15px; margin-bottom: 15px; padding: 0px; font-size: 14px; line-height: 23px; color: rgb(51, 51, 51); font-family: 宋体; white-space: normal; background-color: rgb(255, 255, 255);\">　　这是皮尔斯本场比赛所投中的第3粒三分，就在不到两分钟之前，他的另外一次远投命中把比分追到76-78，为比赛保留住了最后的悬念。所以当在最后不到10秒时间里帮助球队超出比分时，他当然有理由狂妄。</p><p style=\"margin-top: 15px; margin-bottom: 15px; padding: 0px; font-size: 14px; line-height: 23px; color: rgb(51, 51, 51); font-family: 宋体; white-space: normal; background-color: rgb(255, 255, 255);\">　　当看着皮球划过一道美妙弧线，准确落进篮筐正中之后，这位老将扭头瞅了老鹰板凳席一眼，口中挤出一个词：“<strong>Series</strong>。”</p><p style=\"margin-top: 15px; margin-bottom: 15px; padding: 0px; font-size: 14px; line-height: 23px; color: rgb(51, 51, 51); font-family: 宋体; white-space: normal; background-color: rgb(255, 255, 255);\">　　“真理”想表达的意思再清楚不过：系列赛已经结束了。的确，如果奇才赢下这场比赛，他们就将提前赢得赛点，而下一场比赛，将回到他们的主场威瑞森中心，很有可能就此解决战斗，将东区领头羊淘汰出局。</p><p style=\"margin-top: 15px; margin-bottom: 15px; padding: 0px; font-size: 14px; line-height: 23px; color: rgb(51, 51, 51); font-family: 宋体; white-space: normal; background-color: rgb(255, 255, 255);\">　　然而，激烈的NBA赛场瞬息万变，即便时间只剩最后一秒，都还有剧情反转的可能，更何况皮尔斯给对方留下了8.3秒。</p><p style=\"margin-top: 15px; margin-bottom: 15px; padding: 0px; font-size: 14px; line-height: 23px; color: rgb(51, 51, 51); font-family: 宋体; white-space: normal; background-color: rgb(255, 255, 255);\">　　暂停之后，老鹰队所布置的第一次进攻被奇才成功防下，但艾尔-霍福德神兵天降，从内内头顶摘下前场篮板，在红灯亮起之前将球补充篮筐，反绝杀！奇才瞬间从天堂跌落地狱。皮尔斯的狂言，再次狠狠地败了人品，付出惨痛代价。</p><p><a href=\"http://sax.sina.com.cn/dsp/click?t=MjAxNS0wNS0xNCAxNTo1NzozMwkxMTQuMTEzLjIyMS4xNzMJMTE0LjExMy4yMjEuMTY4XzE0MzA5MTU0NTIuMTg4ODA5CTJlZWM2YjQzLTE0ZjUtNDQwNi05ZGMwLTljOTA4MmRlYWY5Zgk2NjE5OQk1NDY4Mjk0MjkwX1BJTlBBSS1DUEMJMjEwMTQJMzQyNjgwCTguMTU3Njc5N0UtNAkxCXRydWUJUERQUzAwMDAwMDA1MTc3NwkyOTIxMzkJUEMJZmxhc2gJMAkx&userid=114.113.221.168_1430915452.188809&p=nnHDDZUETzGBZ97s9fEfg%2bl9XiWxGBBw4eRuUg%3d%3d&url=http%3a%2f%2fsax.sina.com.cn%2fclick%3ftype%3d2%26t%3dOWU3MWMzMGQtOTUwNC00ZjMxLTgxNjctZGVlY2Y1ZjExZjgzCTE3CVBEUFMwMDAwMDAwNTE3NzcJMjkyMTM5CTEJUlRCCS0%253d%26id%3d17%26url%3dhttp%253a%252f%252fvdax.youzu.com%252f%253fq%253d1504138QY9fnw%26sina_sign%3df716ca4caaa4d459&sign=3555b0d040650df1\" target=\"_blank\" style=\"color: rgb(4, 84, 167); text-decoration: none; position: absolute; opacity: 0; width: 200px; height: 300px; left: 0px; top: 0px; background-image: initial; background-attachment: initial; background-size: initial; background-origin: initial; background-clip: initial; background-position: initial; background-repeat: initial;\"></a></p><p></p><p style=\"margin-top: 15px; margin-bottom: 15px; padding: 0px; font-size: 14px; line-height: 23px; color: rgb(51, 51, 51); font-family: 宋体; white-space: normal; background-color: rgb(255, 255, 255);\">　　这已经不是皮尔斯第一次在大局未定的情况下妄下狂言，最终被对手打脸。早在2010年对魔术队的东区决赛，在帮助凯尔特人连赢两个客场取得大比分2-0领先时，皮尔斯就曾表示“<strong>我们会在回家之后解决战斗</strong>”，结果最终，他们历经6场比赛才成功淘汰对手，晋级总决赛；</p><p style=\"margin-top: 15px; margin-bottom: 15px; padding: 0px; font-size: 14px; line-height: 23px; color: rgb(51, 51, 51); font-family: 宋体; white-space: normal; background-color: rgb(255, 255, 255);\">　　同年的总决赛中，绿军又是要先打两个客场，结果他们取得了1胜1负的成绩。按照当时总决赛赛程安排，接下来的三场比赛都将在凯尔特人主场举行，结果皮尔斯之前的伤疤还未结痂，就已忘记疼痛，在第二场终场前大声朝队友喊出“<strong>我们不再回洛杉矶</strong>”的口号。遗憾的是，接下来的三个主场绿军只赢下两场，皮尔斯不仅又去了洛杉矶，而且连输两场丢了冠军；</p><p style=\"margin-top: 15px; margin-bottom: 15px; padding: 0px; font-size: 14px; line-height: 23px; color: rgb(51, 51, 51); font-family: 宋体; white-space: normal; background-color: rgb(255, 255, 255);\">　　2012年东区决赛第五场，凯尔特人和勒布朗-詹姆斯领军的热火带着2-2的比分争夺天王山。皮尔斯在最后52秒命中锁定胜局的三分球，进球之后，他一边跑回己方板凳席，一边口中喃喃自语：“<strong>哇喔，我太坏了，我太坏了</strong>……”那场比赛，皮尔斯的确笑到了最后，但之后的两场系列赛，他们均以两位数之差惨败，最终失去了进军总决赛的机会。</p><p style=\"margin-top: 15px; margin-bottom: 15px; padding: 0px; font-size: 14px; line-height: 23px; color: rgb(51, 51, 51); font-family: 宋体; white-space: normal; background-color: rgb(255, 255, 255);\">　　(熊猫)</p>', '0');
INSERT INTO `new` VALUES ('18', '历史惊人相似：11年前费舍尔天王山绝杀马刺', '1431590314', '', '33726.jpg', '<p style=\"margin-top: 15px; margin-bottom: 15px; padding: 0px; font-size: 14px; line-height: 23px; color: rgb(51, 51, 51); font-family: 宋体; white-space: normal; background-color: rgb(255, 255, 255);\">新浪体育讯　历史总是惊人相似，今天奇才老鹰上演绝杀反绝杀，11年前的今天还有一场更加惊心动魄的戏码，那就是著名的费舍尔0.4秒绝杀马刺。</p><p><img alt=\" \" src=\"/PHPdemo_practice_byself/jerise-nba/public/index/images/new/20150514/1431590298123152.jpg\" title=\" \" style=\"margin: 0px auto; padding: 0px; border: 1px solid rgb(231, 231, 231); display: block;\"/><span class=\"img_descr\" style=\"line-height: 20px; padding: 6px 0px; color: rgb(102, 102, 102); font-size: 12px; margin: 5px auto; display: inline-block; zoom: 1; text-align: left;\"></span></p><p style=\"margin-top: 15px; margin-bottom: 15px; padding: 0px; font-size: 14px; line-height: 23px; color: rgb(51, 51, 51); font-family: 宋体; white-space: normal; background-color: rgb(255, 255, 255);\">　　时间要从2003年夏天说起，由于当年西部半决赛2-4不敌马刺，湖人开始补强阵容，这一折腾便惊天动地，整出一套F4，虽然马龙、佩顿年事已高，但实力犹存。湖人这个阵容掀起了西部诸强军备竞争的序幕。</p><p><img alt=\" \" src=\"/PHPdemo_practice_byself/jerise-nba/public/index/images/new/20150514/1431590299162531.jpg\" title=\" \" style=\"margin: 0px auto; padding: 0px; border: 1px solid rgb(231, 231, 231); display: block;\"/><span class=\"img_descr\" style=\"line-height: 20px; padding: 6px 0px; color: rgb(102, 102, 102); font-size: 12px; margin: 5px auto; display: inline-block; zoom: 1; text-align: left;\"></span></p><p style=\"margin-top: 15px; margin-bottom: 15px; padding: 0px; font-size: 14px; line-height: 23px; color: rgb(51, 51, 51); font-family: 宋体; white-space: normal; background-color: rgb(255, 255, 255);\">　　森林狼给加内特找来两条大腿，一个外星人一个疯子。这让KG终于扬眉吐气，不仅打破首轮魔咒，而且拿下个人唯一一座常规赛MVP奖杯。</p><p><img alt=\" \" src=\"/PHPdemo_practice_byself/jerise-nba/public/index/images/new/20150514/1431590300679170.jpg\" title=\" \" style=\"margin: 0px auto; padding: 0px; border: 1px solid rgb(231, 231, 231); display: block;\"/><span class=\"img_descr\" style=\"line-height: 20px; padding: 6px 0px; color: rgb(102, 102, 102); font-size: 12px; margin: 5px auto; display: inline-block; zoom: 1; text-align: left;\"></span></p><p style=\"margin-top: 15px; margin-bottom: 15px; padding: 0px; font-size: 14px; line-height: 23px; color: rgb(51, 51, 51); font-family: 宋体; white-space: normal; background-color: rgb(255, 255, 255);\">　　库班接手小牛后就是买买买，这一年他毫不留情地将球队功臣范埃克塞尔送走，换来勇士当家贾米森，然后又从东部撬来皮尔斯的大哥——安托万-沃克，组成了一套豪华锋线群。</p><p><img alt=\" \" src=\"/PHPdemo_practice_byself/jerise-nba/public/index/images/new/20150514/1431590301947258.jpg\" title=\" \" style=\"margin: 0px auto; padding: 0px; border: 1px solid rgb(231, 231, 231); display: block;\"/><span class=\"img_descr\" style=\"line-height: 20px; padding: 6px 0px; color: rgb(102, 102, 102); font-size: 12px; margin: 5px auto; display: inline-block; zoom: 1; text-align: left;\"></span></p><p style=\"margin-top: 15px; margin-bottom: 15px; padding: 0px; font-size: 14px; line-height: 23px; color: rgb(51, 51, 51); font-family: 宋体; white-space: normal; background-color: rgb(255, 255, 255);\">　　马刺也没闲着，大卫-罗宾逊退役、巴特尔离队后，他们相继找来森林狼主力中锋内斯特洛维奇，关键先生霍利和国王的板凳匪徒特科格鲁。<span style=\"line-height: 22.9599990844727px;\">当然这一年夏天还有另一件大事，就是03一代登场了。</span></p><p><img alt=\" \" src=\"/PHPdemo_practice_byself/jerise-nba/public/index/images/new/20150514/1431590302146092.jpg\" title=\" \" style=\"margin: 0px auto; padding: 0px; border: 1px solid rgb(231, 231, 231); display: block;\"/><span class=\"img_descr\" style=\"line-height: 20px; padding: 6px 0px; color: rgb(102, 102, 102); font-size: 12px; margin: 5px auto; display: inline-block; zoom: 1; text-align: left;\"></span></p><p style=\"margin-top: 15px; margin-bottom: 15px; padding: 0px; font-size: 14px; line-height: 23px; color: rgb(51, 51, 51); font-family: 宋体; white-space: normal; background-color: rgb(255, 255, 255);\">　　西部东决赛天王山之前，马刺湖人打成2-2平，历史数据表明拿下天王山的球队晋级率高达80%。两队的第五场前47分钟其实比今天奇才vs老鹰还要难看，马刺命中率38.2%，湖人也不过43,1%，最终比分是74-73。但费舍尔绝杀了，谁还在乎这些。</p><p><img alt=\" \" src=\"/PHPdemo_practice_byself/jerise-nba/public/index/images/new/20150514/1431590303936070.jpg\" title=\" \" style=\"margin: 0px auto; padding: 0px; border: 1px solid rgb(231, 231, 231); display: block;\"/><span class=\"img_descr\" style=\"line-height: 20px; padding: 6px 0px; color: rgb(102, 102, 102); font-size: 12px; margin: 5px auto; display: inline-block; zoom: 1; text-align: left;\"></span></p><p style=\"margin-top: 15px; margin-bottom: 15px; padding: 0px; font-size: 14px; line-height: 23px; color: rgb(51, 51, 51); font-family: 宋体; white-space: normal; background-color: rgb(255, 255, 255);\">　　Tips，费舍尔投篮前，禅师叫了三次暂停。</p><p><img alt=\" \" src=\"/PHPdemo_practice_byself/jerise-nba/public/index/images/new/20150514/1431590304645777.jpg\" title=\" \" style=\"margin: 0px auto; padding: 0px; border: 1px solid rgb(231, 231, 231); display: block;\"/><span class=\"img_descr\" style=\"line-height: 20px; padding: 6px 0px; color: rgb(102, 102, 102); font-size: 12px; margin: 5px auto; display: inline-block; zoom: 1; text-align: left;\"></span></p><p style=\"margin-top: 15px; margin-bottom: 15px; padding: 0px; font-size: 14px; line-height: 23px; color: rgb(51, 51, 51); font-family: 宋体; white-space: normal; background-color: rgb(255, 255, 255);\">　　这是马龙在NBA的最后一个赛季，最终没能圆梦总冠军，40岁的卡尔-马龙迈过了姚明、邓肯、加内特后终于倒下，到了总决赛只剩一条腿。</p><p><img alt=\" \" src=\"/PHPdemo_practice_byself/jerise-nba/public/index/images/new/20150514/1431590304789934.jpg\" title=\" \" style=\"margin: 0px auto; padding: 0px; border: 1px solid rgb(231, 231, 231); display: block;\"/><span class=\"img_descr\" style=\"line-height: 20px; padding: 6px 0px; color: rgb(102, 102, 102); font-size: 12px; margin: 5px auto; display: inline-block; zoom: 1; text-align: left;\"><br/></span></p><p><a href=\"http://sax.sina.com.cn/dsp/click?t=MjAxNS0wNS0xNCAxNTo1ODozNQkxMTQuMTEzLjIyMS4xNzMJMTE0LjExMy4yMjEuMTY4XzE0MzA5MTU0NTIuMTg4ODA5CWUxMDQ0YTQ0LTI0ODQtNGZjYy05OWJlLTc0M2EwZmJlMDc0Mwk3MzgzMgk1NDY4Mjk0MjkwX1BJTlBBSS1DUEMJMjQ0NzIJMjY1MjM2CTYuMjQ1NzM3RS00CTEJdHJ1ZQlQRFBTMDAwMDAwMDUxNzc3CTMyNDk1OQlQQwlmbGFzaAkwCTE=&userid=114.113.221.168_1430915452.188809&p=%2b1zvXRqfQ4CiQc%2fOVb44ZxcDx2jBRiYyGrfIiA%3d%3d&url=http%3a%2f%2fsax.sina.com.cn%2fclick%3ftype%3d2%26t%3dZmI1Y2VmNWQtMWE5Zi00MzgwLWEyNDEtY2ZjZTU1YmUzODY3CTE3CVBEUFMwMDAwMDAwNTE3NzcJMzI0OTU5CTEJUlRCCS0%253d%26id%3d17%26url%3dhttp%253a%252f%252fvdax.youzu.com%252f%253fq%253d150506YwqNQmu%26sina_sign%3d8021cde5e3bdfe79&sign=0c3afa62c25d139f\" target=\"_blank\" style=\"color: rgb(4, 84, 167); text-decoration: none; position: absolute; opacity: 0; width: 200px; height: 300px; left: 0px; top: 0px; background-image: initial; background-attachment: initial; background-size: initial; background-origin: initial; background-clip: initial; background-position: initial; background-repeat: initial;\"></a></p><p></p><p style=\"margin-top: 15px; margin-bottom: 15px; padding: 0px; font-size: 14px; line-height: 23px; color: rgb(51, 51, 51); font-family: 宋体; white-space: normal; background-color: rgb(255, 255, 255);\">　　如今这张图中的5名球员只剩两人还在征战NBA，那时候科比还是8号，吉诺比利还没有秃。2004年马刺倒霉透了，这年的11月他们还被麦蒂35秒13分了一回，但2005年他们重回巅峰，2016年呢？</p><p style=\"margin-top: 15px; margin-bottom: 15px; padding: 0px; font-size: 14px; line-height: 23px; color: rgb(51, 51, 51); font-family: 宋体; white-space: normal; background-color: rgb(255, 255, 255);\">　　(新体)</p>', '0');
INSERT INTO `new` VALUES ('19', '詹皇准三双骑士虐杀公牛 总比分4-2挺进东决', '1431665226', '', '105.jpg', '<p style=\"margin-top: 15px; margin-bottom: 15px; padding: 0px; font-size: 14px; line-height: 23px; color: rgb(51, 51, 51); font-family: 宋体; white-space: normal; background-color: rgb(255, 255, 255);\">　　新浪体育讯　北京时间5月15日，骑士客场以94-73击败公牛，从而以4-2的总比分晋级东部决赛。</p><p style=\"margin-top: 15px; margin-bottom: 15px; padding: 0px; font-size: 14px; line-height: 23px; color: rgb(51, 51, 51); font-family: 宋体; white-space: normal; background-color: rgb(255, 255, 255);\">　　骑士的下一个对手将是老鹰与奇才的胜者。勒布朗-詹姆斯拿下了15分、11次助攻和9个篮板，特里斯坦-汤普森13分17个篮板，伊曼-香波特13分7个篮板。凯里-欧文在第二节受伤离场，只打了12分钟，得6分。替补出场持马修斯-德拉维多瓦19分，JR-史密斯12分。</p><p style=\"margin-top: 15px; margin-bottom: 15px; padding: 0px; font-size: 14px; line-height: 23px; color: rgb(51, 51, 51); font-family: 宋体; white-space: normal; background-color: rgb(255, 255, 255);\">　　公牛以2-4被淘汰，本赛季的使命完成。吉米-巴特勒拿下了20分，德里克-罗斯14分6次助攻，其他人都未能上双。保罗-加索尔复出，得8分5个篮板。</p><p style=\"margin-top: 15px; margin-bottom: 15px; padding: 0px; font-size: 14px; line-height: 23px; color: rgb(51, 51, 51); font-family: 宋体; white-space: normal; background-color: rgb(255, 255, 255);\">　　在詹姆斯的职业生涯中，多次季后赛淘汰公牛。这一次又碰到公牛，詹姆斯却打得非常吃力。前四场战成了平手，在上一场比赛中，詹姆斯以几乎完美的比赛为骑士赢下了天王山之战。</p><p style=\"margin-top: 15px; margin-bottom: 15px; padding: 0px; font-size: 14px; line-height: 23px; color: rgb(51, 51, 51); font-family: 宋体; white-space: normal; background-color: rgb(255, 255, 255);\">　　在上一场比赛中，詹姆斯拿下了38分、12个篮板和6次助攻，更重要的是，全场没有一次失误。在最后的关键时刻，詹姆斯还给了罗斯一记盖帽，避免被扳平。“我从不赞扬自己，但现在忍不住要这样做了。”詹姆斯不无得意地说。</p><p style=\"margin-top: 15px; margin-bottom: 15px; padding: 0px; font-size: 14px; line-height: 23px; color: rgb(51, 51, 51); font-family: 宋体; white-space: normal; background-color: rgb(255, 255, 255);\">　　对于公牛来说，这是生死之战，所以他们派出了此前缺阵的加索尔。开场后，加索尔首次出手就命中，罗斯也投中一球，公牛以4-0开局。首节打了4分钟后，公牛以12-6领先。欧文中投发威，他先是中投还以一球，紧接着三分命中，骑士打出7-0，以13-12反超。本节后半段，骑士命中率下降，仅此逐渐超出。本节还有3分07秒时，邓利维投中三分，公牛以25-18领先。琼斯两度投中三分，骑士一度反超。首节过后，骑士只以31-33落后。</p><p style=\"margin-top: 15px; margin-bottom: 15px; padding: 0px; font-size: 14px; line-height: 23px; color: rgb(51, 51, 51); font-family: 宋体; white-space: normal; background-color: rgb(255, 255, 255);\">　　吉布森上一场遭到驱逐，没有被禁赛已经算是幸运。今天他有些不冷静，首节就有3次犯规，打乱了公牛的计划，从第二节起，他们就打得不顺利。</p><p style=\"margin-top: 15px; margin-bottom: 15px; padding: 0px; font-size: 14px; line-height: 23px; color: rgb(51, 51, 51); font-family: 宋体; white-space: normal; background-color: rgb(255, 255, 255);\">　　第二节还有9分47秒时，欧文跳起传球，落地之后，右脚勾到队友脚上，结果扭伤脚踝，被架着离场，此后没再上场。在他离场后，琼斯马上投中三分，骑士以38-35超出，不过这是他们在5分钟内仅有的得分。公牛以40-38反超后，德拉维多瓦和香波特相继命中三分，骑士不断外线命中，以一波20-4结束本节，一举以58-44拉开了差距。在本节最后7分53秒，公牛只投中两球，就此陷入困境。</p><p><a href=\"http://sax.sina.com.cn/dsp/click?t=MjAxNS0wNS0xNSAxMjo0NzowNAkxMTQuMTEzLjIyMS4xNzMJMTE0LjExMy4yMjEuMTY4XzE0MzA5MTU0NTIuMTg4ODA5CThhMmFjOGVmLWVjODItNGYzNi1iZTAwLTFiODRlODJhNGFmOAk2NjE5OQk1NDY4Mjk0MjkwX1BJTlBBSS1DUEMJMjEwMTQJMzQ1NDk2CTcuOTM4NDU0RS00CTEJdHJ1ZQlQRFBTMDAwMDAwMDUxNzc3CTI5MjEzOQlQQwlmbGFzaAkwCTE=&userid=114.113.221.168_1430915452.188809&p=%2bSdKEYECQO%2bB%2bOFYco6QhNzf0vjg9DAyUF1z0g%3d%3d&url=http%3a%2f%2fsax.sina.com.cn%2fclick%3ftype%3d2%26t%3dZjkyNzRhMTEtODEwMi00MGVmLTgxZjgtZTE1ODcyOGU5MDg0CTE3CVBEUFMwMDAwMDAwNTE3NzcJMjkyMTM5CTEJUlRCCS0%253d%26id%3d17%26url%3dhttp%253a%252f%252fvdax.youzu.com%252f%253fq%253d1504138QY9fnw%26sina_sign%3df716ca4caaa4d459&sign=2dace274786888e1\" target=\"_blank\" style=\"color: rgb(4, 84, 167); text-decoration: none; position: absolute; opacity: 0; width: 200px; height: 300px; left: 0px; top: 0px; background-image: initial; background-attachment: initial; background-size: initial; background-origin: initial; background-clip: initial; background-position: initial; background-repeat: initial;\"></a></p><p></p><p style=\"margin-top: 15px; margin-bottom: 15px; padding: 0px; font-size: 14px; line-height: 23px; color: rgb(51, 51, 51); font-family: 宋体; white-space: normal; background-color: rgb(255, 255, 255);\">　　第三节打了5分47秒，骑士还一分未得，而公牛也只投中一球。双方都加强了防守，命中率下降。本节过半后，德拉维多瓦投中三分，而詹姆斯连续两次中投命中，骑士以67-48取得了19分的优势。巴特勒好不容易为公牛投中三分，一人连得5分，不过史密斯两度还以三分，骑士保持两位数的优势，以73-60结束前三节。本节骑士只得15分，公牛得16分。</p><p style=\"margin-top: 15px; margin-bottom: 15px; padding: 0px; font-size: 14px; line-height: 23px; color: rgb(51, 51, 51); font-family: 宋体; white-space: normal; background-color: rgb(255, 255, 255);\">　　骑士少了欧文，对公牛来说本来是不错的机会，可惜他们未能把握。第四节打了2分30秒后，他们还未能得分。德拉维多瓦连续投篮命中，詹姆斯也两投得手，骑士以一波11-2开始本节，一举以84-62甩开对手。</p><p style=\"margin-top: 15px; margin-bottom: 15px; padding: 0px; font-size: 14px; line-height: 23px; color: rgb(51, 51, 51); font-family: 宋体; white-space: normal; background-color: rgb(255, 255, 255);\">　　骑士越战越勇，本节还有4分37秒时，汤普森投篮命中并造成犯规，连投带罚拿下了3分，他们以93-66领先。斯内尔命中三分，此后两罚两中，公牛连得5分，将比分追成71-93。</p><p style=\"margin-top: 15px; margin-bottom: 15px; padding: 0px; font-size: 14px; line-height: 23px; color: rgb(51, 51, 51); font-family: 宋体; white-space: normal; background-color: rgb(255, 255, 255);\">　　不过公牛已经无心恋战。尽管骑士最后4分57秒未能投篮命中，仍保持20分以上的优势。</p>', '0');
INSERT INTO `new` VALUES ('20', '手冷的詹皇带队虐杀 大腿是培养的不是抱来的', '1431665311', '', '7865.jpg', '<p style=\"margin-top: 15px; margin-bottom: 15px; padding: 0px; font-size: 14px; line-height: 23px; color: rgb(51, 51, 51); font-family: 宋体; white-space: normal; background-color: rgb(255, 255, 255);\">　　新浪体育讯　克利夫兰骑士客场94-73大胜芝加哥公牛，以总比分4-2率先晋级东区决赛。勒布朗-詹姆斯在上一场打出超级表现后，今天状态一般，全场23投7中仅得15分9个篮板11次助攻，但即便如此，仍然发挥了不可或缺的核心作用。</p><p style=\"margin-top: 15px; margin-bottom: 15px; padding: 0px; font-size: 14px; line-height: 23px; color: rgb(51, 51, 51); font-family: 宋体; white-space: normal; background-color: rgb(255, 255, 255);\">　　其实这已经不是詹姆斯这轮季后赛第一次手冷，在系列赛第四场投中那记底角绝杀之前，他的命中率一度低到不足40%。不过那记脚踩三分线的长距离两分帮助詹皇找回了信心，上一场他24投14中砍下38分12个篮板6次助攻同时没有出现任何失误，成就了个人季后赛生涯又一经典，同时为球队赢得赛点。</p><p style=\"margin-top: 15px; margin-bottom: 15px; padding: 0px; font-size: 14px; line-height: 23px; color: rgb(51, 51, 51); font-family: 宋体; white-space: normal; background-color: rgb(255, 255, 255);\">　　今天的比赛，詹姆斯开场第一次出手就在中距离命中两分，就在人们以为他将延续之前的良好手感时，他之后的连续五次出手却全部弹框而出。整个第一节，詹姆斯7投2中只得4分，不过，他的5次助攻仍然发挥重要作用，帮助球队33-31领先结束第一回合争夺。</p><p style=\"margin-top: 15px; margin-bottom: 15px; padding: 0px; font-size: 14px; line-height: 23px; color: rgb(51, 51, 51); font-family: 宋体; white-space: normal; background-color: rgb(255, 255, 255);\">　　冰冷的手感并不是詹姆斯今天面对的唯一麻烦，很少困扰他的犯规问题今天也为他制造了不小的障碍。第一节没打完，他就领到两次犯规，按照NBA的常规做法，教练会让他下场好好休息，以避免陷入更深的麻烦。不过凯里-欧文的意外受伤却让大卫-布拉特不敢这样做，三巨头都不在的比赛，骑士会打成什么样子，关注过骑士常规赛表现的球迷应该都很清楚。</p><p><a href=\"http://sax.sina.com.cn/dsp/click?t=MjAxNS0wNS0xNSAxMjo0ODozNQkxMTQuMTEzLjIyMS4xNzMJMTE0LjExMy4yMjEuMTY4XzE0MzA5MTU0NTIuMTg4ODA5CWNmOGEzYjc0LTM1YTgtNGUyZC04OTI4LWRjYzVmNWQ0NWE1Zgk1NDEyMgk1MjYyNDYzNDMzX1BJTlBBSS1DUEMJMTY0ODIJNDMxNDg4CTQuMzIwODE5RS00CTEJdHJ1ZQlQRFBTMDAwMDAwMDUxNzc3CTI0NDQyMAlQQwlmbGFzaAkwCTE=&userid=114.113.221.168_1430915452.188809&p=l6Uuhf6KTQaUreyC2%2bhmrAHc6VIGGjYYPQs94g%3d%3d&url=http%3a%2f%2fsax.sina.com.cn%2fclick%3ftype%3d2%26t%3dOTdhNTJlODUtZmU4YS00ZDA2LTk0YWQtZWM4MmRiZTg2NmFjCTE3CVBEUFMwMDAwMDAwNTE3NzcJMjQ0NDIwCTEJUlRCCS0%253d%26id%3d17%26url%3dhttp%253a%252f%252fvdax.youzu.com%252f%253fq%253d150215RWmHajj%26sina_sign%3db80c38d6530699b1&sign=013756cee2a1906f\" target=\"_blank\" style=\"color: rgb(4, 84, 167); text-decoration: none; position: absolute; opacity: 0; width: 200px; height: 300px; left: 0px; top: 0px; background-image: initial; background-attachment: initial; background-size: initial; background-origin: initial; background-clip: initial; background-position: initial; background-repeat: initial;\"></a></p><p></p><p style=\"margin-top: 15px; margin-bottom: 15px; padding: 0px; font-size: 14px; line-height: 23px; color: rgb(51, 51, 51); font-family: 宋体; white-space: normal; background-color: rgb(255, 255, 255);\">　　就是在这样困难的情况下，詹姆斯一直坚持留在场上默默为球队提供着贡献，作为球队仅存的有自主创造进攻机会的球员，他不仅肩负起所有组织重任，在防守端也是不遗余力。第三节，他甚至追防已经突进内线的诺阿，送给对方一记钉板大帽，让公牛气势大为受挫。</p><p style=\"margin-top: 15px; margin-bottom: 15px; padding: 0px; font-size: 14px; line-height: 23px; color: rgb(51, 51, 51); font-family: 宋体; white-space: normal; background-color: rgb(255, 255, 255);\">　　个人进攻方面，由于身背犯规麻烦，詹姆斯不太敢强行冲击篮下，做起动作来显得投鼠忌器。整场比赛，他一共23次出手，倒有半数以上来自于禁区之外，真正意义的上篮和扣篮只有区区3次。这也是他命中率低下的一个主要原因。</p><p style=\"margin-top: 15px; margin-bottom: 15px; padding: 0px; font-size: 14px; line-height: 23px; color: rgb(51, 51, 51); font-family: 宋体; white-space: normal; background-color: rgb(255, 255, 255);\">　　可是尽管手感不佳，詹姆斯的存在还是让队友们有了主心骨，在他的串联之下，骑士队人人奋勇，打得气势如虹，从蒂莫菲-莫兹戈夫到特里斯坦-汤普森，从伊曼-香波特到马修-德拉维多瓦，从JR-史密斯到詹姆斯-琼斯，几乎个个都有抢眼表现。最终，他们没有给对手任何机会，早早锁定胜局，昂首进入分区决赛！</p><p style=\"margin-top: 15px; margin-bottom: 15px; padding: 0px; font-size: 14px; line-height: 23px; color: rgb(51, 51, 51); font-family: 宋体; white-space: normal; background-color: rgb(255, 255, 255);\">　　全场比赛，詹姆斯23投仅7中，命中率仅为30.4%，自从2008年以来，这还是他第一次在季后赛的比赛中，在出手至少20球的情况下命中率如此低下。可是比赛的最终结果却是，骑士队取得了系列战六场比赛中最酣畅淋漓的一场胜利。还有什么比赢球更重要的呢？</p>', '0');

-- ----------------------------
-- Table structure for `reply`
-- ----------------------------
DROP TABLE IF EXISTS `reply`;
CREATE TABLE `reply` (
  `reid` int(10) unsigned NOT NULL AUTO_INCREMENT,
  `newid` int(10) unsigned NOT NULL DEFAULT '0',
  `uid` int(10) unsigned NOT NULL DEFAULT '0',
  `f_reid` int(10) unsigned NOT NULL DEFAULT '0',
  `content` varchar(255) NOT NULL DEFAULT '',
  `good` int(10) NOT NULL DEFAULT '0',
  `re_num` int(10) NOT NULL DEFAULT '0',
  `time` int(10) unsigned NOT NULL DEFAULT '0',
  PRIMARY KEY (`reid`)
) ENGINE=InnoDB AUTO_INCREMENT=15 DEFAULT CHARSET=utf8;

-- ----------------------------
-- Records of reply
-- ----------------------------
INSERT INTO `reply` VALUES ('1', '13', '1', '0', '东部每天绝杀，西部每天虐杀', '2', '1', '1431626495');
INSERT INTO `reply` VALUES ('2', '13', '1', '1', '哈哈哈', '0', '0', '1431626529');
INSERT INTO `reply` VALUES ('3', '15', '1', '0', '库里三分变态准', '2', '1', '1431626564');
INSERT INTO `reply` VALUES ('4', '15', '1', '3', '汤普森也很准', '1', '0', '1431626739');
INSERT INTO `reply` VALUES ('5', '17', '1', '0', '哇喔，我太坏了，我太坏了……', '1', '1', '1431626779');
INSERT INTO `reply` VALUES ('6', '17', '2', '5', '我们不再回洛杉矶', '1', '0', '1431626806');
INSERT INTO `reply` VALUES ('7', '19', '1', '0', '看好公牛5：4淘汰骑士！！', '1', '1', '1431665421');
INSERT INTO `reply` VALUES ('8', '19', '1', '0', '打铁大战', '1', '0', '1431665443');
INSERT INTO `reply` VALUES ('9', '19', '1', '0', '激动！兴奋！狂躁！嘶吼！都不足以表达我此时的心情！太牛逼了！东部决赛骑士来啦！总决赛骑士来啦！总冠军骑士来啦', '1', '0', '1431665482');
INSERT INTO `reply` VALUES ('10', '19', '2', '7', '奇才还是老鹰？我猜老鹰。', '0', '0', '1431665553');
INSERT INTO `reply` VALUES ('11', '7', '2', '0', '啦啦啦啦', '0', '1', '1431691933');
INSERT INTO `reply` VALUES ('12', '7', '2', '11', '哈哈哈哈哈哈哈哈哈哈哈哈', '0', '0', '1431691951');
INSERT INTO `reply` VALUES ('13', '14', '2', '0', '相比之下，灰熊只有内线双熊算是强点，后卫线迈克-康利[微博]虽然可靠但光追防库里就已经疲于奔命了，随着托尼-阿伦的伤停，被勇士完爆也就不足为奇了。', '1', '1', '1431692009');
INSERT INTO `reply` VALUES ('14', '14', '2', '13', '接下来，灰熊若想绝处逢生，让系列赛再生悬念，除了双熊要提供稳定贡献之外，恐怕还得指望其他球员能够挺身而出有超常发挥了。', '1', '0', '1431692020');

-- ----------------------------
-- Table structure for `season`
-- ----------------------------
DROP TABLE IF EXISTS `season`;
CREATE TABLE `season` (
  `sid` int(10) unsigned NOT NULL AUTO_INCREMENT,
  `year` int(10) unsigned NOT NULL DEFAULT '0',
  `this_season` enum('YES','NO') NOT NULL DEFAULT 'NO',
  PRIMARY KEY (`sid`),
  UNIQUE KEY `year` (`year`) USING BTREE
) ENGINE=InnoDB AUTO_INCREMENT=4 DEFAULT CHARSET=utf8;

-- ----------------------------
-- Records of season
-- ----------------------------
INSERT INTO `season` VALUES ('1', '2014', 'NO');
INSERT INTO `season` VALUES ('2', '2015', 'YES');
INSERT INTO `season` VALUES ('3', '2016', 'NO');

-- ----------------------------
-- Table structure for `sports`
-- ----------------------------
DROP TABLE IF EXISTS `sports`;
CREATE TABLE `sports` (
  `spid` int(10) unsigned NOT NULL AUTO_INCREMENT,
  `sp_name` char(20) NOT NULL DEFAULT '',
  `sp_face` char(20) NOT NULL DEFAULT '',
  `sp_birthday` date NOT NULL DEFAULT '0000-00-00',
  `sp_where` char(20) NOT NULL DEFAULT '',
  `sp_school` char(20) NOT NULL DEFAULT '-',
  `sp_h` char(20) NOT NULL DEFAULT '' COMMENT '球员身高',
  `sp_w` char(20) NOT NULL DEFAULT '' COMMENT '球员体重',
  `sp_inj` char(30) NOT NULL DEFAULT '',
  `sp_cause` char(30) NOT NULL DEFAULT '',
  `sp_cip` char(30) NOT NULL DEFAULT '',
  `sp_num` int(10) unsigned NOT NULL DEFAULT '0',
  `teid` int(10) unsigned NOT NULL DEFAULT '0',
  `is_in_union` enum('YES','NO') NOT NULL DEFAULT 'NO',
  `max` tinyint(10) unsigned NOT NULL DEFAULT '0' COMMENT '生涯最高分',
  PRIMARY KEY (`spid`)
) ENGINE=InnoDB AUTO_INCREMENT=75 DEFAULT CHARSET=utf8;

-- ----------------------------
-- Records of sports
-- ----------------------------
INSERT INTO `sports` VALUES ('1', '勒布朗-詹姆斯', '3704.jpg', '1984-12-30', '俄亥俄州阿克伦城', '-', '2.03米(6英尺8英寸)', '113公斤(250磅)', '2003', '', '2003年第1轮第1顺位被骑士队选中', '23', '8', 'NO', '61');
INSERT INTO `sports` VALUES ('2', '凯文-勒夫', '4391.jpg', '1988-09-07', '加利福尼亚州圣莫尼卡', 'UCLA', '2.08米(6英尺10英寸)', '110公斤(243磅)', '2008', '', '2008年第1轮第5顺位被灰熊队选中', '0', '8', 'NO', '51');
INSERT INTO `sports` VALUES ('3', '詹姆斯-琼斯', '3752.jpg', '1980-10-04', '佛罗里达州迈阿密', 'Miami (Fla.)', '2.03米(6英尺8英寸)', '98公斤(215磅)', '2003', '', '2003年第2轮第20顺位被步行者队选中', '1', '8', 'NO', '27');
INSERT INTO `sports` VALUES ('4', '凯里-欧文', '4840.jpg', '1992-03-23', '墨尔本', 'Duke', '1.91米(6英尺3英寸)', '88公斤(193磅)', '2011', '', '2011年第1轮第1顺位被骑士队选中', '2', '8', 'NO', '57');
INSERT INTO `sports` VALUES ('5', '肯德里克-帕金斯', '3730.jpg', '1984-11-10', '德克萨斯州Nederland', '', '2.08米(6英尺10英寸)', '122公斤(270磅)', '2003', '', '2003年第1轮第27顺位被灰熊队选中', '3', '8', 'NO', '26');
INSERT INTO `sports` VALUES ('6', '伊曼-香波特', '4898.jpg', '1990-06-26', '伊利诺斯州', 'Georgia Tech', '1.96米(6英尺5英寸)', '100公斤(220磅)', '2011', '', '2011年第1轮第17顺位被尼克斯队选中', '4', '8', 'NO', '27');
INSERT INTO `sports` VALUES ('7', 'J.R.-史密斯', '3835.jpg', '1985-09-09', '新泽西Freehold', '', '1.98米(6英尺6英寸)', '102公斤(225磅)', '2004', '', '2004年第1轮第18顺位被黄蜂队选中', '5', '8', 'NO', '45');
INSERT INTO `sports` VALUES ('8', '马修-德拉维多瓦', '203521.jpg', '1990-09-08', '', 'St. Mary\'s (CA)', '1.93米(6英尺4英寸)', '91公斤(200磅)', '2013', '', '暂无资料', '8', '8', 'NO', '21');
INSERT INTO `sports` VALUES ('9', '乔-哈里斯', '203925.jpg', '1991-09-07', '', 'Virginia', '1.98米(6英尺6英寸)', '102公斤(225磅)', '2014', '', '暂无资料', '12', '8', 'NO', '16');
INSERT INTO `sports` VALUES ('10', '特里斯坦-汤普森', '4884.jpg', '1991-03-13', '安大略', 'Texas', '2.06米(6英尺9英寸)', '108公斤(238磅)', '2011', '', '2011年第1轮第4顺位被骑士队选中', '13', '8', 'NO', '29');
INSERT INTO `sports` VALUES ('11', '安德森-瓦莱乔', '3847.jpg', '1982-09-28', 'Santa Teresa', 'FC Barcelona', '2.11米(6英尺11英寸)', '121公斤(267磅)', '2004', '', '2004年第2轮第1顺位被魔术队选中', '17', '8', 'NO', '35');
INSERT INTO `sports` VALUES ('12', '迈克-米勒', '3404.jpg', '1980-02-19', '南达科他米切尔', 'Florida', '2.03米(6英尺8英寸)', '99公斤(218磅)', '2000', '', '2000年第1轮第5顺位被魔术队选中', '18', '8', 'NO', '45');
INSERT INTO `sports` VALUES ('13', '蒂莫菲-莫兹戈夫', '4794.jpg', '1986-07-16', '圣彼得堡', 'Khimki Moscow', '2.16米(7英尺1英寸)', '113公斤(250磅)', '2010', '', '暂无资料', '20', '8', 'NO', '23');
INSERT INTO `sports` VALUES ('14', '肖恩-马里昂', '3332.jpg', '1978-05-07', '伊利诺斯州Waukegan', 'UNLV', '2.01米(6英尺7英寸)', '103公斤(228磅)', '1999', '', '1999年第1轮第9顺位被太阳队选中', '31', '8', 'NO', '44');
INSERT INTO `sports` VALUES ('15', '布兰登-海伍德', '3532.jpg', '1979-11-27', '纽约', 'North Carolina', '2.13米(7英尺0英寸)', '119公斤(263磅)', '2001', '', '2001年第1轮第20顺位被骑士队选中', '33', '8', 'NO', '25');
INSERT INTO `sports` VALUES ('16', '肖恩-拉金', '5188.jpg', '1992-10-02', '', 'Miami (Fla.)', '1.8米(5英尺11英寸)', '79公斤(175磅)', '2013', '', '暂无资料', '0', '13', 'NO', '18');
INSERT INTO `sports` VALUES ('17', '阿历克谢-舍维德', '5099.jpg', '1988-12-16', '', '', '1.98米(6英尺6英寸)', '85公斤(187磅)', '2012', '', '暂无资料', '1', '13', 'NO', '25');
INSERT INTO `sports` VALUES ('18', '兰斯顿-加洛韦', '204038.jpg', '1991-12-09', '', 'St. Joseph\'s (PA)', '1.88米(6英尺2英寸)', '91公斤(200磅)', '2015', '', '暂无资料', '2', '13', 'NO', '26');
INSERT INTO `sports` VALUES ('19', '昆西-阿西', '5071.jpg', '1990-10-06', '', 'Baylor', '2.01米(6英尺7英寸)', '109公斤(240磅)', '2012', '', '暂无资料', '4', '13', 'NO', '19');
INSERT INTO `sports` VALUES ('20', '蒂姆-哈达威', '203501.jpg', '1992-03-16', '', 'Michigan', '1.98米(6英尺6英寸)', '95公斤(210磅)', '2013', '', '暂无资料', '5', '13', 'NO', '29');
INSERT INTO `sports` VALUES ('21', '特拉维斯-威尔', '204037.jpg', '1990-09-21', '', 'UCLA', '2.08米(6英尺10英寸)', '102公斤(225磅)', '2015', '', '暂无资料', '6', '13', 'NO', '21');
INSERT INTO `sports` VALUES ('22', '卡梅罗-安东尼', '3706.jpg', '1984-05-29', '纽约', 'Syracuse', '2.03米(6英尺8英寸)', '109公斤(240磅)', '2003', '', '2003年第1轮第3顺位被掘金队选中', '7', '13', 'NO', '62');
INSERT INTO `sports` VALUES ('23', '里奇-雷多', '5213.jpg', '1992-09-10', '', 'Providence', '2.01米(6英尺7英寸)', '88公斤(195磅)', '2013', '', '暂无资料', '11', '13', 'NO', '21');
INSERT INTO `sports` VALUES ('24', '杰森-史密斯', '4298.jpg', '1986-03-02', '科罗拉多州Greeley', 'Colorado State', '2.13米(7英尺0英寸)', '111公斤(245磅)', '2007', '', '2007年第1轮第20顺位被热火队选中', '14', '13', 'NO', '26');
INSERT INTO `sports` VALUES ('25', '克林东尼-厄尔利', '203921.jpg', '1991-04-17', '', 'Wichita State', '2.03米(6英尺8英寸)', '100公斤(220磅)', '2014', '', '暂无资料', '17', '13', 'NO', '18');
INSERT INTO `sports` VALUES ('26', '路易斯-阿蒙德森', '4190.jpg', '1982-12-07', '科罗拉多州Boulder', 'Nevada-Las Vegas', '2.06米(6英尺9英寸)', '102公斤(225磅)', '2006', '', '暂无资料', '21', '13', 'NO', '21');
INSERT INTO `sports` VALUES ('27', '兰斯-托马斯', '4966.jpg', '1988-04-24', '新泽西', 'Duke', '2.03米(6英尺8英寸)', '102公斤(225磅)', '2011', '', '暂无资料', '42', '13', 'NO', '24');
INSERT INTO `sports` VALUES ('28', '科尔-阿尔德里奇', '4726.jpg', '1988-10-31', '明尼苏达', 'Kansas', '2.11米(6英尺11英寸)', '113公斤(250磅)', '2010', '', '2010年第1轮第11顺位被黄蜂队选中', '45', '13', 'NO', '24');
INSERT INTO `sports` VALUES ('29', '安德里亚-巴尼亚尼', '4129.jpg', '1985-10-26', '罗马', 'Benetton Treviso', '2.13米(7英尺0英寸)', '111公斤(245磅)', '2006', '', '2006年第1轮第1顺位被猛龙队选中', '77', '13', 'NO', '41');
INSERT INTO `sports` VALUES ('30', '奥格涅-库兹米奇', '203136.jpg', '1990-05-16', '', 'FIATC Joventut (Spai', '2.13米(7英尺0英寸)', '118公斤(260磅)', '2012', '', '暂无资料', '1', '30', 'NO', '6');
INSERT INTO `sports` VALUES ('31', '布兰顿-拉什', '4475.jpg', '1985-07-07', '密苏里州堪萨斯城', 'Kansas', '1.98米(6英尺6英寸)', '100公斤(220磅)', '2008', '', '2008年第1轮第13顺位被开拓者队选中', '4', '30', 'NO', '29');
INSERT INTO `sports` VALUES ('32', '马利斯-斯贝茨', '4478.jpg', '1987-08-04', '佛罗里达州圣彼得堡', 'Florida', '2.08米(6英尺10英寸)', '116公斤(255磅)', '2008', '', '2008年第1轮第16顺位被76人队选中', '5', '30', 'NO', '32');
INSERT INTO `sports` VALUES ('33', '贾斯汀-霍乐迪', '5142.jpg', '1989-04-05', '', 'Washington', '1.98米(6英尺6英寸)', '84公斤(185磅)', '2012', '', '暂无资料', '7', '30', 'NO', '23');
INSERT INTO `sports` VALUES ('34', '安德烈-伊戈达拉', '3826.jpg', '1984-01-28', '伊利诺斯州Springfield', 'Arizona', '1.98米(6英尺6英寸)', '98公斤(215磅)', '2004', '', '2004年第1轮第9顺位被76人队选中', '9', '30', 'NO', '34');
INSERT INTO `sports` VALUES ('35', '大卫-李', '3956.jpg', '1983-04-29', '密苏里州St. Louis', 'Florida', '2.06米(6英尺9英寸)', '111公斤(245磅)', '2005', '', '2005年第1轮第30顺位被尼克斯队选中', '10', '30', 'NO', '37');
INSERT INTO `sports` VALUES ('36', '克雷-汤普森', '4892.jpg', '1990-02-08', '加利福尼亚州洛杉矶', 'Washington State', '2.01米(6英尺7英寸)', '98公斤(215磅)', '2011', '', '2011年第1轮第11顺位被勇士队选中', '11', '30', 'NO', '52');
INSERT INTO `sports` VALUES ('37', '安德鲁-博格特', '3927.jpg', '1984-11-28', '墨尔本', 'Utah', '2.13米(7英尺0英寸)', '118公斤(260磅)', '2005', '', '2005年第1轮第1顺位被雄鹿队选中', '12', '30', 'NO', '32');
INSERT INTO `sports` VALUES ('38', '莱昂德罗-巴博萨', '3731.jpg', '1982-11-28', '圣保罗', 'Palmeiras', '1.91米(6英尺3英寸)', '88公斤(194磅)', '2003', '', '2003年第1轮第28顺位被马刺队选中', '19', '30', 'NO', '41');
INSERT INTO `sports` VALUES ('39', '詹姆斯-迈克尔-麦卡杜', '11.png', '1993-01-04', '', 'North Carolina', '2.06米(6英尺9英寸)', '104公斤(230磅)', '2014', '', '暂无资料', '20', '30', 'NO', '16');
INSERT INTO `sports` VALUES ('40', '德雷蒙德-格林', '5069.jpg', '1990-03-04', '', 'Michigan State', '2.01米(6英尺7英寸)', '104公斤(230磅)', '2012', '', '暂无资料', '23', '30', 'NO', '31');
INSERT INTO `sports` VALUES ('41', '斯蒂芬-库里', '4612.jpg', '1988-03-14', '俄亥俄州阿克伦城', 'Davidson', '1.91米(6英尺3英寸)', '86公斤(190磅)', '2009', '', '2009年第1轮第7顺位被勇士队选中', '30', '30', 'NO', '54');
INSERT INTO `sports` VALUES ('42', '费斯图斯-艾泽利', '5064.jpg', '1989-10-21', '', 'Vanderbilt', '2.11米(6英尺11英寸)', '120公斤(265磅)', '2012', '', '暂无资料', '31', '30', 'NO', '15');
INSERT INTO `sports` VALUES ('43', '沙恩-利文斯顿', '3821.jpg', '1985-09-11', '伊利诺斯州Peoria', '', '2.01米(6英尺7英寸)', '87公斤(192磅)', '2004', '', '2004年第1轮第4顺位被快船队选中', '34', '30', 'NO', '25');
INSERT INTO `sports` VALUES ('44', '哈里森-巴恩斯', '5013.jpg', '1992-05-30', '', 'North Carolina', '2.03米(6英尺8英寸)', '102公斤(225磅)', '2012', '', '暂无资料', '40', '30', 'NO', '30');
INSERT INTO `sports` VALUES ('45', '123', 'GRnAeJ06CK3333.jpg', '1984-12-30', '111', '', '12', '12', '2001', '', '312', '12', '0', 'NO', '111');
INSERT INTO `sports` VALUES ('46', '贾内尔-斯托克斯', '203950.jpg', '1994-01-07', '', 'Tennessee', '2.06米(6英尺9英寸)', '119公斤(263磅)', '2014', '', '暂无资料', '1', '17', 'NO', '13');
INSERT INTO `sports` VALUES ('47', '拉斯-史密斯', '203893.jpg', '1991-04-19', '', 'Louisville', '1.83米(6英尺0英寸)', '75公斤(165磅)', '2014', '', '暂无资料', '2', '17', 'NO', '16');
INSERT INTO `sports` VALUES ('48', '乔丹-亚当斯', '203919.jpg', '1994-07-08', '', 'UCLA', '1.96米(6英尺5英寸)', '95公斤(209磅)', '2014', '', '暂无资料', '3', '17', 'NO', '19');
INSERT INTO `sports` VALUES ('49', '库特尼-李', '4484.jpg', '1985-10-03', '印第安纳印第安纳波利斯', 'Western Kentucky', '1.96米(6英尺5英寸)', '91公斤(200磅)', '2008', '', '2008年第1轮第22顺位被魔术队选中', '5', '17', 'NO', '22');
INSERT INTO `sports` VALUES ('50', '托尼-阿伦', '3842.jpg', '1982-01-11', '伊利诺斯州芝加哥', 'Oklahoma State', '1.93米(6英尺4英寸)', '97公斤(213磅)', '2004', '', '2004年第1轮第25顺位被凯尔特人队选中', '9', '17', 'NO', '30');
INSERT INTO `sports` VALUES ('51', '迈克-康利', '4246.jpg', '1987-10-11', '印第安纳印第安纳波利斯', 'Ohio State', '1.85米(6英尺1英寸)', '79公斤(175磅)', '2007', '', '2007年第1轮第4顺位被灰熊队选中', '11', '17', 'NO', '36');
INSERT INTO `sports` VALUES ('52', '尼克-卡拉希斯', '201979.jpg', '1989-02-07', '', 'Florida', '1.98米(6英尺6英寸)', '97公斤(213磅)', '2013', '', '暂无资料', '12', '17', 'NO', '13');
INSERT INTO `sports` VALUES ('53', '文斯-卡特', '3248.jpg', '1977-01-26', '佛罗里达州Daytona Beach', 'North Carolina', '1.98米(6英尺6英寸)', '100公斤(220磅)', '1998', '', '1998年第1轮第5顺位被勇士队选中', '15', '17', 'NO', '51');
INSERT INTO `sports` VALUES ('54', '本诺-乌德里', '3845.jpg', '1982-07-05', 'Celje', 'Breil Milano', '1.91米(6英尺3英寸)', '93公斤(205磅)', '2004', '', '2004年第1轮第28顺位被马刺队选中', '19', '17', 'NO', '34');
INSERT INTO `sports` VALUES ('55', '琼-鲁埃尔', '4922.jpg', '1989-05-14', '明尼苏达', 'Wisconsin', '2.08米(6英尺10英寸)', '103公斤(228磅)', '2011', '', '2011年第2轮第10顺位被雄鹿队选中', '30', '17', 'NO', '23');
INSERT INTO `sports` VALUES ('56', '杰夫-格林', '4247.jpg', '1986-08-28', '', 'Georgetown', '2.06米(6英尺9英寸)', '107公斤(235磅)', '2007', '', '暂无资料', '32', '17', 'NO', '43');
INSERT INTO `sports` VALUES ('57', '马克-加索尔', '4325.jpg', '1985-01-29', '巴塞罗那', 'FC Barcelona', '2.16米(7英尺1英寸)', '120公斤(265磅)', '2008', '', '2008年第2轮第18顺位被湖人队选中', '33', '17', 'NO', '33');
INSERT INTO `sports` VALUES ('58', '科斯塔-库弗斯', '4485.jpg', '1989-02-24', '俄亥俄州Canton', 'Ohio State', '2.13米(7英尺0英寸)', '120公斤(265磅)', '2008', '', '2008年第1轮第23顺位被爵士队选中', '41', '17', 'NO', '22');
INSERT INTO `sports` VALUES ('59', '扎克-兰多夫', '3531.jpg', '1981-07-16', '印第安纳马里昂', 'Michigan State', '2.06米(6英尺9英寸)', '118公斤(260磅)', '2001', '', '2001年第1轮第19顺位被开拓者队选中', '50', '17', 'NO', '43');
INSERT INTO `sports` VALUES ('60', '贾玛考-格林', 'jamychalgreen.png', '1990-06-21', '', 'Alabama', '2.03米(6英尺8英寸)', '104公斤(230磅)', '2015', '', '暂无资料', '0', '17', 'NO', '0');
INSERT INTO `sports` VALUES ('61', '阿隆-布鲁克斯', '4304.jpg', '1985-01-14', '', 'Oregon', '1.83米(6英尺0英寸)', '73公斤(161磅)', '2007', '', '暂无资料', '0', '9', 'NO', '43');
INSERT INTO `sports` VALUES ('62', '德里克-罗斯', '4387.jpg', '1988-10-04', '伊利诺斯州芝加哥', 'Memphis', '1.91米(6英尺3英寸)', '86公斤(190磅)', '2008', '', '2008年第1轮第1顺位被公牛队选中', '1', '9', 'NO', '42');
INSERT INTO `sports` VALUES ('63', '道格-迈克德莫特', '203926.jpg', '1992-01-03', '', 'Creighton', '2.03米(6英尺8英寸)', '102公斤(225磅)', '2014', '', '暂无资料', '3', '9', 'NO', '16');
INSERT INTO `sports` VALUES ('64', '科克-辛里奇', '3710.jpg', '1981-01-02', '爱荷华州Sioux City', 'Kansas', '1.93米(6英尺4英寸)', '86公斤(190磅)', '2003', '', '2003年第1轮第7顺位被公牛队选中', '12', '9', 'NO', '38');
INSERT INTO `sports` VALUES ('65', '乔金-诺阿', '4287.jpg', '1985-02-25', '纽约纽约', 'Florida', '2.11米(6英尺11英寸)', '105公斤(232磅)', '2007', '', '2007年第1轮第9顺位被公牛队选中', '13', '9', 'NO', '30');
INSERT INTO `sports` VALUES ('66', '保罗-加索尔', '3513.jpg', '1980-07-06', '巴塞罗那', 'FC Barcelona', '2.13米(7英尺0英寸)', '113公斤(250磅)', '2001', '', '2001年第1轮第3顺位被老鹰队选中', '16', '9', 'NO', '46');
INSERT INTO `sports` VALUES ('67', '托尼-斯内尔', '5190.jpg', '1991-11-10', '', 'New Mexico', '2.01米(6英尺7英寸)', '91公斤(200磅)', '2013', '', '暂', '20', '9', 'NO', '24');
INSERT INTO `sports` VALUES ('68', '吉米-巴特勒', '4912.jpg', '1989-09-14', '德克萨斯州休斯顿', 'Marquette', '2.01米(6英尺7英寸)', '100公斤(220磅)', '2011', '', '2011年第1轮第30顺位被公牛队选中', '21', '9', 'NO', '35');
INSERT INTO `sports` VALUES ('69', '塔基-吉布森', '4631.jpg', '1985-06-24', '加利福尼亚州', 'USC', '2.06米(6英尺9英寸)', '102公斤(225磅)', '2009', '', '2009年第1轮第26顺位被公牛队选中', '22', '9', 'NO', '32');
INSERT INTO `sports` VALUES ('70', '迈克-邓利维', '3601.jpg', '1980-09-15', '德克萨斯州Fort Worth', 'Duke', '2.06米(6英尺9英寸)', '104公斤(230磅)', '2002', '', '2002年第1轮第3顺位被勇士队选中', '34', '9', 'NO', '36');
INSERT INTO `sports` VALUES ('71', '卡梅伦-巴尔斯托', '203946.jpg', '1990-12-07', '', 'New Mexico', '2.06米(6英尺9英寸)', '113公斤(250磅)', '2014', '', '暂无资料', '41', '9', 'NO', '3');
INSERT INTO `sports` VALUES ('72', '尼科拉-米罗蒂奇', '202703.jpg', '1991-02-11', '', '', '2.08米(6英尺10英寸)', '100公斤(220磅)', '2015', '', '暂无资料', '44', '9', 'NO', '29');
INSERT INTO `sports` VALUES ('73', '耐泽-莫罕默德', '3272.jpg', '1977-09-05', '伊利诺斯州芝加哥', 'Kentucky', '2.08米(6英尺10英寸)', '113公斤(250磅)', '1998', '', '1998年第1轮第29顺位被爵士队选中', '48', '9', 'NO', '30');
INSERT INTO `sports` VALUES ('74', '埃托万-摩尔', '4937.jpg', '1989-02-25', '印第安纳', 'Purdue', '1.93米(6英尺4英寸)', '87公斤(191磅)', '2011', '', '2011年第2轮第25顺位被凯尔特人队选中', '55', '9', 'NO', '19');

-- ----------------------------
-- Table structure for `sport_race`
-- ----------------------------
DROP TABLE IF EXISTS `sport_race`;
CREATE TABLE `sport_race` (
  `srid` int(10) unsigned NOT NULL AUTO_INCREMENT COMMENT '主键',
  `season` int(10) unsigned NOT NULL DEFAULT '0',
  `day` date NOT NULL,
  `sid` int(10) unsigned NOT NULL DEFAULT '0' COMMENT '赛季年数id',
  `sp_name` char(20) NOT NULL DEFAULT '',
  `spid` int(10) unsigned NOT NULL DEFAULT '0' COMMENT '运动员id',
  `sp_temp` char(20) NOT NULL DEFAULT '',
  `teid` int(10) unsigned NOT NULL DEFAULT '0' COMMENT '球队id',
  `agid` int(10) unsigned NOT NULL DEFAULT '0' COMMENT '比赛赛程id',
  `sp_first` enum('YES','NO') NOT NULL DEFAULT 'NO' COMMENT '是否先发',
  `optem` enum('季前赛','常规赛','季后赛') NOT NULL DEFAULT '常规赛' COMMENT '比赛类型',
  `sp_shotin` int(10) unsigned NOT NULL DEFAULT '0',
  `sp_shot` int(10) unsigned NOT NULL DEFAULT '0',
  `sp_treein` int(10) unsigned NOT NULL DEFAULT '0',
  `sp_tree` int(10) unsigned NOT NULL DEFAULT '0',
  `sp_penin` int(10) unsigned NOT NULL DEFAULT '0',
  `sp_pen` int(10) unsigned NOT NULL DEFAULT '0',
  `sp_be_re` int(10) unsigned NOT NULL DEFAULT '0',
  `sp_be_af` int(10) unsigned NOT NULL DEFAULT '0',
  `sp_assist` int(10) unsigned NOT NULL DEFAULT '0',
  `sp_steal` int(10) unsigned NOT NULL DEFAULT '0',
  `sp_block` int(10) unsigned NOT NULL DEFAULT '0',
  `sp_error` int(10) unsigned NOT NULL DEFAULT '0',
  `sp_foul` int(10) unsigned NOT NULL DEFAULT '0',
  `sp_score` int(10) unsigned NOT NULL DEFAULT '0',
  `sp_time` int(10) unsigned NOT NULL DEFAULT '0',
  PRIMARY KEY (`srid`)
) ENGINE=InnoDB AUTO_INCREMENT=104 DEFAULT CHARSET=utf8;

-- ----------------------------
-- Records of sport_race
-- ----------------------------
INSERT INTO `sport_race` VALUES ('1', '2015', '2015-02-27', '2', '勒布朗-詹姆斯', '1', '骑士', '8', '25', 'YES', '常规赛', '15', '25', '4', '9', '8', '11', '1', '10', '5', '3', '1', '6', '5', '42', '36');
INSERT INTO `sport_race` VALUES ('2', '2015', '2015-02-27', '2', '凯文-勒夫', '2', '骑士', '8', '25', 'YES', '常规赛', '5', '10', '0', '2', '3', '4', '0', '8', '1', '0', '0', '2', '2', '16', '37');
INSERT INTO `sport_race` VALUES ('3', '2015', '2015-02-27', '2', '詹姆斯-琼斯', '3', '骑士', '8', '25', 'NO', '常规赛', '0', '0', '0', '0', '0', '0', '0', '0', '0', '0', '0', '0', '0', '0', '1');
INSERT INTO `sport_race` VALUES ('4', '2015', '2015-02-27', '2', '凯里-欧文', '4', '骑士', '8', '25', 'YES', '常规赛', '6', '17', '2', '8', '10', '10', '1', '2', '1', '2', '0', '2', '1', '24', '38');
INSERT INTO `sport_race` VALUES ('5', '2015', '2015-02-27', '2', '肯德里克-帕金斯', '5', '骑士', '8', '25', 'NO', '常规赛', '0', '0', '0', '0', '0', '0', '1', '0', '0', '0', '0', '1', '2', '0', '2');
INSERT INTO `sport_race` VALUES ('6', '2015', '2015-02-27', '2', '伊曼-香波特', '6', '骑士', '8', '25', 'NO', '常规赛', '0', '3', '0', '2', '0', '0', '2', '3', '0', '0', '0', '0', '2', '0', '31');
INSERT INTO `sport_race` VALUES ('7', '2015', '2015-02-27', '2', 'J.R.-史密斯', '7', '骑士', '8', '25', 'YES', '常规赛', '1', '5', '0', '2', '2', '2', '1', '3', '5', '4', '0', '1', '1', '4', '36');
INSERT INTO `sport_race` VALUES ('8', '2015', '2015-02-27', '2', '马修-德拉维多瓦', '8', '骑士', '8', '25', 'NO', '常规赛', '1', '2', '0', '1', '0', '0', '0', '0', '1', '0', '0', '0', '3', '2', '10');
INSERT INTO `sport_race` VALUES ('9', '2015', '2015-02-27', '2', '乔-哈里斯', '9', '骑士', '8', '25', 'NO', '常规赛', '0', '1', '0', '1', '0', '0', '0', '0', '0', '0', '0', '0', '0', '0', '1');
INSERT INTO `sport_race` VALUES ('10', '2015', '2015-02-27', '2', '特里斯坦-汤普森', '10', '骑士', '8', '25', 'NO', '常规赛', '4', '6', '0', '0', '4', '6', '3', '5', '0', '0', '0', '2', '0', '12', '22');
INSERT INTO `sport_race` VALUES ('11', '2015', '2015-02-27', '2', '迈克-米勒', '12', '骑士', '8', '25', 'NO', '常规赛', '0', '0', '0', '0', '0', '0', '0', '0', '0', '0', '0', '0', '0', '0', '1');
INSERT INTO `sport_race` VALUES ('12', '2015', '2015-02-27', '2', '蒂莫菲-莫兹戈夫', '13', '骑士', '8', '25', 'YES', '常规赛', '4', '8', '0', '0', '2', '2', '0', '10', '2', '1', '1', '2', '3', '10', '25');
INSERT INTO `sport_race` VALUES ('13', '2015', '2015-02-27', '2', '布兰登-海伍德', '15', '骑士', '8', '25', 'NO', '常规赛', '0', '0', '0', '0', '0', '0', '0', '1', '0', '0', '0', '0', '0', '0', '1');
INSERT INTO `sport_race` VALUES ('14', '2015', '2015-02-27', '2', '马利斯-斯贝茨', '32', '勇士', '30', '25', 'NO', '常规赛', '0', '1', '0', '0', '0', '0', '0', '0', '2', '1', '0', '0', '1', '0', '7');
INSERT INTO `sport_race` VALUES ('15', '2015', '2015-02-27', '2', '贾斯汀-霍乐迪', '33', '勇士', '30', '25', 'NO', '常规赛', '1', '1', '0', '0', '0', '0', '0', '0', '0', '0', '0', '0', '0', '2', '1');
INSERT INTO `sport_race` VALUES ('16', '2015', '2015-02-27', '2', '安德烈-伊戈达拉', '34', '勇士', '30', '25', 'NO', '常规赛', '4', '9', '1', '3', '0', '0', '2', '3', '5', '1', '0', '0', '4', '9', '30');
INSERT INTO `sport_race` VALUES ('17', '2015', '2015-02-27', '2', '大卫-李', '35', '勇士', '30', '25', 'NO', '常规赛', '8', '11', '0', '0', '3', '5', '2', '2', '2', '0', '1', '2', '4', '19', '21');
INSERT INTO `sport_race` VALUES ('18', '2015', '2015-02-27', '2', '克雷-汤普森', '36', '勇士', '30', '25', 'YES', '常规赛', '5', '13', '3', '5', '0', '0', '1', '6', '4', '0', '3', '3', '1', '13', '34');
INSERT INTO `sport_race` VALUES ('19', '2015', '2015-02-27', '2', '安德鲁-博格特', '37', '勇士', '30', '25', 'YES', '常规赛', '3', '8', '0', '0', '0', '0', '2', '3', '2', '0', '2', '1', '2', '6', '21');
INSERT INTO `sport_race` VALUES ('20', '2015', '2015-02-27', '2', '莱昂德罗-巴博萨', '38', '勇士', '30', '25', 'NO', '常规赛', '2', '5', '1', '3', '0', '0', '0', '0', '1', '0', '0', '1', '1', '5', '15');
INSERT INTO `sport_race` VALUES ('21', '2015', '2015-02-27', '2', '德雷蒙德-格林', '40', '勇士', '30', '25', 'YES', '常规赛', '7', '13', '0', '4', '2', '5', '3', '5', '4', '6', '0', '1', '4', '16', '38');
INSERT INTO `sport_race` VALUES ('22', '2015', '2015-02-27', '2', '斯蒂芬-库里', '41', '勇士', '30', '25', 'YES', '常规赛', '5', '17', '3', '9', '5', '5', '0', '3', '6', '1', '0', '4', '3', '18', '34');
INSERT INTO `sport_race` VALUES ('23', '2015', '2015-02-27', '2', '沙恩-利文斯顿', '43', '勇士', '30', '25', 'NO', '常规赛', '0', '4', '0', '0', '0', '2', '1', '4', '3', '1', '0', '0', '0', '0', '14');
INSERT INTO `sport_race` VALUES ('24', '2015', '2015-02-27', '2', '哈里森-巴恩斯', '44', '勇士', '30', '25', 'YES', '常规赛', '4', '10', '3', '5', '0', '2', '3', '4', '3', '1', '0', '2', '4', '11', '28');
INSERT INTO `sport_race` VALUES ('25', '2015', '2015-05-06', '2', '马利斯-斯贝茨', '32', '勇士', '30', '27', 'NO', '季后赛', '0', '1', '0', '0', '2', '2', '0', '1', '0', '0', '0', '1', '1', '2', '5');
INSERT INTO `sport_race` VALUES ('26', '2015', '2015-05-06', '2', '安德烈-伊戈达拉', '34', '勇士', '30', '27', 'NO', '季后赛', '2', '3', '2', '2', '1', '2', '0', '3', '3', '0', '0', '1', '2', '7', '27');
INSERT INTO `sport_race` VALUES ('27', '2015', '2015-05-06', '2', '大卫-李', '35', '勇士', '30', '27', 'NO', '季后赛', '0', '2', '0', '0', '1', '2', '0', '2', '0', '0', '0', '0', '0', '1', '5');
INSERT INTO `sport_race` VALUES ('28', '2015', '2015-05-06', '2', '克雷-汤普森', '36', '勇士', '30', '27', 'YES', '季后赛', '6', '15', '1', '6', '0', '0', '0', '4', '2', '1', '1', '5', '3', '13', '34');
INSERT INTO `sport_race` VALUES ('29', '2015', '2015-05-06', '2', '安德鲁-博格特', '37', '勇士', '30', '27', 'YES', '季后赛', '4', '5', '0', '0', '0', '0', '4', '8', '2', '1', '1', '2', '2', '8', '24');
INSERT INTO `sport_race` VALUES ('30', '2015', '2015-05-06', '2', '莱昂德罗-巴博萨', '38', '勇士', '30', '27', 'NO', '季后赛', '5', '9', '1', '2', '3', '3', '1', '1', '1', '0', '0', '1', '2', '14', '14');
INSERT INTO `sport_race` VALUES ('31', '2015', '2015-05-06', '2', '德雷蒙德-格林', '40', '勇士', '30', '27', 'YES', '季后赛', '3', '11', '0', '3', '8', '10', '4', '8', '1', '2', '0', '3', '5', '14', '38');
INSERT INTO `sport_race` VALUES ('32', '2015', '2015-05-06', '2', '斯蒂芬-库里', '41', '勇士', '30', '27', 'YES', '季后赛', '7', '19', '2', '11', '3', '4', '0', '5', '6', '0', '0', '3', '0', '19', '41');
INSERT INTO `sport_race` VALUES ('33', '2015', '2015-05-06', '2', '费斯图斯-艾泽利', '42', '勇士', '30', '27', 'NO', '季后赛', '0', '0', '0', '0', '1', '2', '0', '0', '0', '0', '0', '0', '0', '1', '5');
INSERT INTO `sport_race` VALUES ('34', '2015', '2015-05-06', '2', '沙恩-利文斯顿', '43', '勇士', '30', '27', 'NO', '季后赛', '0', '1', '0', '0', '0', '0', '0', '0', '1', '1', '0', '2', '1', '0', '13');
INSERT INTO `sport_race` VALUES ('35', '2015', '2015-05-06', '2', '哈里森-巴恩斯', '44', '勇士', '30', '27', 'NO', '季后赛', '0', '0', '0', '0', '0', '0', '0', '0', '0', '0', '0', '0', '0', '0', '0');
INSERT INTO `sport_race` VALUES ('36', '2015', '2015-05-06', '2', '库特尼-李', '49', '灰熊', '17', '27', 'YES', '季后赛', '5', '13', '2', '4', '3', '3', '1', '1', '1', '2', '0', '0', '3', '15', '33');
INSERT INTO `sport_race` VALUES ('37', '2015', '2015-05-06', '2', '托尼-阿伦', '50', '灰熊', '17', '27', 'YES', '季后赛', '4', '7', '0', '1', '1', '1', '1', '3', '2', '4', '1', '3', '3', '9', '37');
INSERT INTO `sport_race` VALUES ('38', '2015', '2015-05-06', '2', '迈克-康利', '51', '灰熊', '17', '27', 'YES', '季后赛', '8', '12', '3', '6', '3', '4', '0', '0', '3', '0', '0', '1', '1', '22', '27');
INSERT INTO `sport_race` VALUES ('39', '2015', '2015-05-06', '2', '文斯-卡特', '53', '灰熊', '17', '27', 'NO', '季后赛', '1', '4', '0', '1', '0', '0', '1', '6', '3', '1', '0', '1', '1', '2', '18');
INSERT INTO `sport_race` VALUES ('40', '2015', '2015-05-06', '2', '本诺-乌德里', '54', '灰熊', '17', '27', 'NO', '季后赛', '2', '8', '0', '1', '0', '0', '0', '5', '2', '2', '0', '1', '3', '4', '21');
INSERT INTO `sport_race` VALUES ('41', '2015', '2015-05-06', '2', '杰夫-格林', '56', '灰熊', '17', '27', 'NO', '季后赛', '4', '10', '0', '2', '0', '0', '3', '3', '1', '0', '0', '2', '0', '8', '26');
INSERT INTO `sport_race` VALUES ('42', '2015', '2015-05-06', '2', '马克-加索尔', '57', '灰熊', '17', '27', 'YES', '季后赛', '5', '10', '0', '0', '5', '6', '0', '6', '3', '2', '0', '3', '5', '15', '31');
INSERT INTO `sport_race` VALUES ('43', '2015', '2015-05-06', '2', '科斯塔-库弗斯', '58', '灰熊', '17', '27', 'NO', '季后赛', '1', '3', '0', '0', '0', '0', '0', '2', '0', '1', '1', '0', '1', '2', '11');
INSERT INTO `sport_race` VALUES ('44', '2015', '2015-05-06', '2', '扎克-兰多夫', '59', '灰熊', '17', '27', 'YES', '季后赛', '7', '16', '0', '0', '6', '6', '2', '5', '4', '1', '0', '2', '4', '20', '36');
INSERT INTO `sport_race` VALUES ('45', '2015', '2015-05-09', '2', '阿隆-布鲁克斯', '61', '公牛', '9', '31', 'NO', '季后赛', '1', '7', '0', '4', '0', '0', '0', '0', '0', '0', '0', '1', '1', '2', '9');
INSERT INTO `sport_race` VALUES ('46', '2015', '2015-05-09', '2', '德里克-罗斯', '62', '公牛', '9', '31', 'YES', '季后赛', '10', '26', '1', '3', '9', '10', '1', '6', '7', '1', '1', '3', '2', '30', '39');
INSERT INTO `sport_race` VALUES ('47', '2015', '2015-05-09', '2', '科克-辛里奇', '64', '公牛', '9', '31', 'NO', '季后赛', '0', '0', '0', '0', '0', '0', '0', '1', '2', '0', '0', '0', '0', '0', '20');
INSERT INTO `sport_race` VALUES ('48', '2015', '2015-05-09', '2', '乔金-诺阿', '65', '公牛', '9', '31', 'YES', '季后赛', '1', '8', '0', '0', '2', '2', '6', '5', '0', '0', '3', '2', '3', '4', '22');
INSERT INTO `sport_race` VALUES ('49', '2015', '2015-05-09', '2', '保罗-加索尔', '66', '公牛', '9', '31', 'YES', '季后赛', '3', '7', '0', '0', '0', '0', '2', '2', '4', '0', '3', '0', '0', '6', '22');
INSERT INTO `sport_race` VALUES ('50', '2015', '2015-05-09', '2', '托尼-斯内尔', '67', '公牛', '9', '31', 'NO', '季后赛', '0', '1', '0', '0', '0', '0', '0', '0', '0', '0', '0', '0', '0', '0', '0');
INSERT INTO `sport_race` VALUES ('51', '2015', '2015-05-09', '2', '吉米-巴特勒', '68', '公牛', '9', '31', 'YES', '季后赛', '7', '17', '1', '3', '5', '6', '1', '7', '2', '5', '1', '0', '5', '20', '44');
INSERT INTO `sport_race` VALUES ('52', '2015', '2015-05-09', '2', '塔基-吉布森', '69', '公牛', '9', '31', 'NO', '季后赛', '3', '4', '0', '0', '3', '4', '4', '5', '0', '0', '1', '0', '1', '9', '23');
INSERT INTO `sport_race` VALUES ('53', '2015', '2015-05-09', '2', '迈克-邓利维', '70', '公牛', '9', '31', 'YES', '季后赛', '6', '12', '3', '7', '1', '1', '2', '4', '2', '1', '1', '0', '1', '16', '39');
INSERT INTO `sport_race` VALUES ('54', '2015', '2015-05-09', '2', '尼科拉-米罗蒂奇', '72', '公牛', '9', '31', 'NO', '季后赛', '3', '8', '1', '4', '5', '6', '2', '6', '0', '2', '0', '1', '5', '12', '22');
INSERT INTO `sport_race` VALUES ('55', '2015', '2015-05-09', '2', '勒布朗-詹姆斯', '1', '骑士', '8', '31', 'YES', '季后赛', '8', '25', '1', '7', '10', '11', '2', '6', '14', '1', '1', '7', '4', '27', '44');
INSERT INTO `sport_race` VALUES ('56', '2015', '2015-05-09', '2', '詹姆斯-琼斯', '3', '骑士', '8', '31', 'NO', '季后赛', '2', '5', '2', '5', '2', '2', '0', '1', '1', '1', '1', '1', '4', '8', '15');
INSERT INTO `sport_race` VALUES ('57', '2015', '2015-05-09', '2', '凯里-欧文', '4', '骑士', '8', '31', 'YES', '季后赛', '3', '13', '3', '4', '2', '2', '1', '3', '0', '2', '1', '2', '3', '11', '38');
INSERT INTO `sport_race` VALUES ('58', '2015', '2015-05-09', '2', '伊曼-香波特', '6', '骑士', '8', '31', 'YES', '季后赛', '3', '9', '2', '7', '0', '0', '0', '1', '1', '1', '1', '1', '4', '8', '37');
INSERT INTO `sport_race` VALUES ('59', '2015', '2015-05-09', '2', 'J.R.-史密斯', '7', '骑士', '8', '31', 'NO', '季后赛', '5', '9', '4', '8', '0', '0', '0', '2', '1', '0', '0', '0', '4', '14', '27');
INSERT INTO `sport_race` VALUES ('60', '2015', '2015-05-09', '2', '马修-德拉维多瓦', '8', '骑士', '8', '31', 'NO', '季后赛', '3', '4', '2', '3', '2', '2', '0', '2', '4', '0', '0', '1', '2', '10', '16');
INSERT INTO `sport_race` VALUES ('61', '2015', '2015-05-09', '2', '特里斯坦-汤普森', '10', '骑士', '8', '31', 'YES', '季后赛', '4', '8', '0', '0', '2', '2', '4', '9', '1', '0', '3', '0', '1', '10', '41');
INSERT INTO `sport_race` VALUES ('62', '2015', '2015-05-09', '2', '蒂莫菲-莫兹戈夫', '13', '骑士', '8', '31', 'YES', '季后赛', '4', '9', '0', '0', '0', '0', '2', '5', '2', '1', '3', '0', '4', '8', '22');
INSERT INTO `sport_race` VALUES ('63', '2015', '2015-04-06', '2', '勒布朗-詹姆斯', '1', '骑士', '8', '35', 'YES', '常规赛', '8', '17', '1', '3', '3', '6', '2', '8', '12', '3', '1', '3', '4', '20', '37');
INSERT INTO `sport_race` VALUES ('64', '2015', '2015-04-06', '2', '凯文-勒夫', '2', '骑士', '8', '35', 'YES', '常规赛', '4', '12', '3', '8', '0', '0', '1', '3', '2', '2', '1', '2', '1', '11', '31');
INSERT INTO `sport_race` VALUES ('65', '2015', '2015-04-06', '2', '凯里-欧文', '4', '骑士', '8', '35', 'YES', '常规赛', '8', '19', '4', '5', '7', '8', '2', '3', '4', '3', '1', '5', '2', '27', '37');
INSERT INTO `sport_race` VALUES ('66', '2015', '2015-04-06', '2', '伊曼-香波特', '6', '骑士', '8', '35', 'NO', '常规赛', '0', '6', '0', '4', '0', '0', '0', '3', '2', '0', '0', '0', '2', '0', '24');
INSERT INTO `sport_race` VALUES ('67', '2015', '2015-04-06', '2', 'J.R.-史密斯', '7', '骑士', '8', '35', 'YES', '常规赛', '8', '17', '8', '17', '0', '0', '1', '3', '1', '1', '1', '0', '3', '24', '43');
INSERT INTO `sport_race` VALUES ('68', '2015', '2015-04-06', '2', '马修-德拉维多瓦', '8', '骑士', '8', '35', 'NO', '常规赛', '1', '2', '0', '0', '0', '0', '0', '0', '0', '0', '0', '0', '0', '2', '13');
INSERT INTO `sport_race` VALUES ('69', '2015', '2015-04-06', '2', '特里斯坦-汤普森', '10', '骑士', '8', '35', 'NO', '常规赛', '1', '3', '0', '0', '2', '6', '1', '5', '0', '0', '0', '0', '0', '4', '24');
INSERT INTO `sport_race` VALUES ('70', '2015', '2015-04-06', '2', '蒂莫菲-莫兹戈夫', '13', '骑士', '8', '35', 'YES', '常规赛', '5', '7', '0', '0', '1', '2', '3', '5', '3', '0', '0', '0', '5', '11', '32');
INSERT INTO `sport_race` VALUES ('71', '2015', '2015-04-06', '2', '阿隆-布鲁克斯', '61', '公牛', '9', '35', 'YES', '常规赛', '6', '13', '2', '6', '3', '4', '2', '3', '6', '1', '0', '7', '4', '17', '38');
INSERT INTO `sport_race` VALUES ('72', '2015', '2015-04-06', '2', '乔金-诺阿', '65', '公牛', '9', '35', 'YES', '常规赛', '3', '3', '0', '0', '0', '0', '3', '5', '7', '2', '0', '1', '3', '6', '33');
INSERT INTO `sport_race` VALUES ('73', '2015', '2015-04-06', '2', '保罗-加索尔', '66', '公牛', '9', '35', 'YES', '常规赛', '6', '13', '0', '0', '0', '0', '2', '7', '4', '0', '0', '2', '3', '12', '31');
INSERT INTO `sport_race` VALUES ('74', '2015', '2015-04-06', '2', '托尼-斯内尔', '67', '公牛', '9', '35', 'NO', '常规赛', '1', '3', '0', '2', '0', '0', '0', '1', '0', '0', '0', '0', '1', '2', '6');
INSERT INTO `sport_race` VALUES ('75', '2015', '2015-04-06', '2', '吉米-巴特勒', '68', '公牛', '9', '35', 'YES', '常规赛', '6', '14', '2', '3', '2', '3', '1', '3', '5', '3', '0', '2', '4', '16', '42');
INSERT INTO `sport_race` VALUES ('76', '2015', '2015-04-06', '2', '塔基-吉布森', '69', '公牛', '9', '35', 'NO', '常规赛', '1', '4', '0', '0', '3', '4', '0', '2', '0', '0', '2', '1', '3', '5', '23');
INSERT INTO `sport_race` VALUES ('77', '2015', '2015-04-06', '2', '迈克-邓利维', '70', '公牛', '9', '35', 'YES', '常规赛', '8', '12', '4', '6', '4', '4', '1', '4', '4', '1', '0', '1', '2', '24', '33');
INSERT INTO `sport_race` VALUES ('78', '2015', '2015-04-06', '2', '尼科拉-米罗蒂奇', '72', '公牛', '9', '35', 'NO', '常规赛', '3', '12', '3', '9', '3', '6', '0', '10', '0', '0', '0', '2', '0', '12', '24');
INSERT INTO `sport_race` VALUES ('79', '2015', '2015-04-06', '2', '埃托万-摩尔', '74', '公牛', '9', '35', 'NO', '常规赛', '0', '2', '0', '1', '0', '0', '0', '1', '2', '0', '0', '0', '2', '0', '10');
INSERT INTO `sport_race` VALUES ('80', '2015', '2015-05-15', '2', '阿隆-布鲁克斯', '61', '骑士', '9', '43', 'NO', '季后赛', '2', '4', '0', '0', '0', '0', '0', '2', '1', '0', '0', '0', '0', '4', '10');
INSERT INTO `sport_race` VALUES ('81', '2015', '2015-05-15', '2', '德里克-罗斯', '62', '骑士', '9', '43', 'YES', '季后赛', '7', '16', '0', '3', '0', '0', '1', '1', '6', '0', '0', '2', '1', '14', '36');
INSERT INTO `sport_race` VALUES ('82', '2015', '2015-05-15', '2', '道格-迈克德莫特', '63', '骑士', '9', '43', 'NO', '季后赛', '0', '0', '0', '0', '0', '0', '0', '1', '1', '0', '0', '0', '0', '0', '2');
INSERT INTO `sport_race` VALUES ('83', '2015', '2015-05-15', '2', '科克-辛里奇', '64', '骑士', '9', '43', 'NO', '季后赛', '0', '1', '0', '1', '0', '0', '0', '0', '0', '0', '1', '0', '1', '0', '20');
INSERT INTO `sport_race` VALUES ('84', '2015', '2015-05-15', '2', '乔金-诺阿', '65', '骑士', '9', '43', 'YES', '季后赛', '1', '2', '0', '0', '2', '2', '3', '8', '2', '0', '1', '1', '2', '4', '35');
INSERT INTO `sport_race` VALUES ('85', '2015', '2015-05-15', '2', '保罗-加索尔', '66', '骑士', '9', '43', 'YES', '季后赛', '3', '8', '0', '0', '2', '2', '1', '4', '1', '0', '0', '2', '1', '8', '24');
INSERT INTO `sport_race` VALUES ('86', '2015', '2015-05-15', '2', '托尼-斯内尔', '67', '骑士', '9', '43', 'NO', '季后赛', '1', '3', '1', '1', '2', '2', '0', '1', '0', '0', '0', '0', '1', '5', '5');
INSERT INTO `sport_race` VALUES ('87', '2015', '2015-05-15', '2', '吉米-巴特勒', '68', '骑士', '9', '43', 'YES', '季后赛', '8', '22', '2', '6', '2', '2', '3', '2', '1', '1', '0', '2', '4', '20', '44');
INSERT INTO `sport_race` VALUES ('88', '2015', '2015-05-15', '2', '塔基-吉布森', '69', '骑士', '9', '43', 'NO', '季后赛', '1', '3', '0', '0', '0', '0', '0', '2', '1', '1', '1', '0', '4', '2', '15');
INSERT INTO `sport_race` VALUES ('89', '2015', '2015-05-15', '2', '迈克-邓利维', '70', '骑士', '9', '43', 'YES', '季后赛', '3', '9', '1', '5', '0', '0', '0', '1', '4', '0', '3', '0', '2', '7', '31');
INSERT INTO `sport_race` VALUES ('90', '2015', '2015-05-15', '2', '尼科拉-米罗蒂奇', '72', '骑士', '9', '43', 'NO', '季后赛', '3', '8', '0', '3', '1', '2', '1', '0', '0', '1', '0', '0', '2', '7', '13');
INSERT INTO `sport_race` VALUES ('91', '2015', '2015-05-15', '2', '耐泽-莫罕默德', '73', '骑士', '9', '43', 'NO', '季后赛', '0', '2', '0', '1', '0', '0', '0', '1', '0', '0', '0', '0', '0', '0', '2');
INSERT INTO `sport_race` VALUES ('92', '2015', '2015-05-15', '2', '埃托万-摩尔', '74', '骑士', '9', '43', 'NO', '季后赛', '1', '2', '0', '0', '0', '0', '0', '0', '0', '0', '0', '0', '0', '2', '2');
INSERT INTO `sport_race` VALUES ('93', '2015', '2015-05-15', '2', '勒布朗-詹姆斯', '1', '公牛', '8', '43', 'YES', '季后赛', '7', '23', '0', '4', '1', '2', '1', '8', '11', '0', '2', '4', '4', '15', '41');
INSERT INTO `sport_race` VALUES ('94', '2015', '2015-05-15', '2', '詹姆斯-琼斯', '3', '公牛', '8', '43', 'NO', '季后赛', '3', '6', '3', '6', '0', '0', '0', '2', '1', '0', '0', '1', '1', '9', '10');
INSERT INTO `sport_race` VALUES ('95', '2015', '2015-05-15', '2', '凯里-欧文', '4', '公牛', '8', '43', 'YES', '季后赛', '2', '2', '1', '1', '1', '2', '0', '1', '0', '0', '1', '0', '0', '6', '12');
INSERT INTO `sport_race` VALUES ('96', '2015', '2015-05-15', '2', '肯德里克-帕金斯', '5', '公牛', '8', '43', 'NO', '季后赛', '0', '0', '0', '0', '0', '0', '0', '2', '0', '0', '0', '0', '0', '0', '2');
INSERT INTO `sport_race` VALUES ('97', '2015', '2015-05-15', '2', '伊曼-香波特', '6', '公牛', '8', '43', 'YES', '季后赛', '5', '14', '2', '4', '1', '2', '2', '5', '4', '2', '1', '0', '0', '13', '36');
INSERT INTO `sport_race` VALUES ('98', '2015', '2015-05-15', '2', 'J.R.-史密斯', '7', '公牛', '8', '43', 'NO', '季后赛', '3', '6', '3', '6', '3', '3', '2', '6', '2', '1', '1', '2', '4', '12', '34');
INSERT INTO `sport_race` VALUES ('99', '2015', '2015-05-15', '2', '马修-德拉维多瓦', '8', '公牛', '8', '43', 'NO', '季后赛', '7', '11', '3', '6', '2', '2', '1', '1', '1', '0', '0', '3', '3', '19', '34');
INSERT INTO `sport_race` VALUES ('100', '2015', '2015-05-15', '2', '乔-哈里斯', '9', '公牛', '8', '43', 'NO', '季后赛', '0', '0', '0', '0', '0', '0', '0', '0', '0', '0', '0', '1', '0', '0', '2');
INSERT INTO `sport_race` VALUES ('101', '2015', '2015-05-15', '2', '特里斯坦-汤普森', '10', '公牛', '8', '43', 'YES', '季后赛', '4', '11', '0', '0', '5', '5', '6', '11', '0', '0', '2', '0', '2', '13', '40');
INSERT INTO `sport_race` VALUES ('102', '2015', '2015-05-15', '2', '迈克-米勒', '12', '公牛', '8', '43', 'NO', '季后赛', '0', '0', '0', '0', '0', '0', '0', '0', '0', '0', '0', '0', '0', '0', '2');
INSERT INTO `sport_race` VALUES ('103', '2015', '2015-05-15', '2', '蒂莫菲-莫兹戈夫', '13', '公牛', '8', '43', 'YES', '季后赛', '2', '6', '0', '0', '3', '4', '4', '1', '1', '0', '1', '0', '2', '7', '26');

-- ----------------------------
-- Table structure for `sport_season`
-- ----------------------------
DROP TABLE IF EXISTS `sport_season`;
CREATE TABLE `sport_season` (
  `ssid` int(10) unsigned NOT NULL AUTO_INCREMENT,
  `season` int(10) unsigned NOT NULL DEFAULT '0',
  `sid` int(10) unsigned NOT NULL DEFAULT '0' COMMENT '赛季年数id',
  `sp_name` char(20) NOT NULL DEFAULT '',
  `spid` int(10) unsigned NOT NULL DEFAULT '0' COMMENT '球员id',
  `sp_temp` char(20) NOT NULL DEFAULT '',
  `teid` int(10) unsigned NOT NULL DEFAULT '0' COMMENT '球队id',
  `sp_appear` int(10) NOT NULL DEFAULT '0' COMMENT '出场次数',
  `sp_first` int(10) NOT NULL DEFAULT '0' COMMENT '先发次数',
  `sp_time` int(10) NOT NULL DEFAULT '0',
  `sp_shotin` int(10) NOT NULL DEFAULT '0',
  `sp_shot` int(10) NOT NULL DEFAULT '0',
  `sp_treein` int(10) NOT NULL DEFAULT '0',
  `sp_tree` int(10) NOT NULL DEFAULT '0',
  `sp_penin` int(10) NOT NULL DEFAULT '0',
  `sp_pen` int(10) NOT NULL DEFAULT '0',
  `sp_be_re` int(10) NOT NULL DEFAULT '0',
  `sp_be_af` int(10) NOT NULL DEFAULT '0',
  `sp_assist` int(10) NOT NULL DEFAULT '0',
  `sp_steal` int(10) NOT NULL DEFAULT '0',
  `sp_block` int(10) NOT NULL DEFAULT '0',
  `sp_error` int(10) NOT NULL DEFAULT '0',
  `sp_foul` int(10) NOT NULL DEFAULT '0',
  `sp_score` int(10) NOT NULL DEFAULT '0',
  PRIMARY KEY (`ssid`)
) ENGINE=InnoDB AUTO_INCREMENT=34 DEFAULT CHARSET=utf8;

-- ----------------------------
-- Records of sport_season
-- ----------------------------
INSERT INTO `sport_season` VALUES ('1', '2015', '2', '勒布朗-詹姆斯', '1', '骑士', '8', '2', '2', '73', '23', '42', '5', '12', '11', '17', '3', '18', '17', '6', '2', '9', '9', '62');
INSERT INTO `sport_season` VALUES ('2', '2015', '2', '凯文-勒夫', '2', '骑士', '8', '2', '2', '68', '9', '22', '3', '10', '3', '4', '1', '11', '3', '2', '1', '4', '3', '27');
INSERT INTO `sport_season` VALUES ('3', '2015', '2', '詹姆斯-琼斯', '3', '骑士', '8', '1', '0', '1', '0', '0', '0', '0', '0', '0', '0', '0', '0', '0', '0', '0', '0', '0');
INSERT INTO `sport_season` VALUES ('4', '2015', '2', '凯里-欧文', '4', '骑士', '8', '2', '2', '75', '14', '36', '6', '13', '17', '18', '3', '5', '5', '5', '1', '7', '3', '51');
INSERT INTO `sport_season` VALUES ('5', '2015', '2', '肯德里克-帕金斯', '5', '骑士', '8', '1', '0', '2', '0', '0', '0', '0', '0', '0', '1', '0', '0', '0', '0', '1', '2', '0');
INSERT INTO `sport_season` VALUES ('6', '2015', '2', '伊曼-香波特', '6', '骑士', '8', '2', '0', '55', '0', '9', '0', '6', '0', '0', '2', '6', '2', '0', '0', '0', '4', '0');
INSERT INTO `sport_season` VALUES ('7', '2015', '2', 'J.R.-史密斯', '7', '骑士', '8', '2', '2', '79', '9', '22', '8', '19', '2', '2', '2', '6', '6', '5', '1', '1', '4', '28');
INSERT INTO `sport_season` VALUES ('8', '2015', '2', '马修-德拉维多瓦', '8', '骑士', '8', '2', '0', '23', '2', '4', '0', '1', '0', '0', '0', '0', '1', '0', '0', '0', '3', '4');
INSERT INTO `sport_season` VALUES ('9', '2015', '2', '乔-哈里斯', '9', '骑士', '8', '1', '0', '1', '0', '1', '0', '1', '0', '0', '0', '0', '0', '0', '0', '0', '0', '0');
INSERT INTO `sport_season` VALUES ('10', '2015', '2', '特里斯坦-汤普森', '10', '骑士', '8', '2', '0', '46', '5', '9', '0', '0', '6', '12', '4', '10', '0', '0', '0', '2', '0', '16');
INSERT INTO `sport_season` VALUES ('11', '2015', '2', '迈克-米勒', '12', '骑士', '8', '1', '0', '1', '0', '0', '0', '0', '0', '0', '0', '0', '0', '0', '0', '0', '0', '0');
INSERT INTO `sport_season` VALUES ('12', '2015', '2', '蒂莫菲-莫兹戈夫', '13', '骑士', '8', '2', '2', '57', '9', '15', '0', '0', '3', '4', '3', '15', '5', '1', '1', '2', '8', '21');
INSERT INTO `sport_season` VALUES ('13', '2015', '2', '布兰登-海伍德', '15', '骑士', '8', '1', '0', '1', '0', '0', '0', '0', '0', '0', '0', '1', '0', '0', '0', '0', '0', '0');
INSERT INTO `sport_season` VALUES ('14', '2015', '2', '马利斯-斯贝茨', '32', '勇士', '30', '1', '0', '7', '0', '1', '0', '0', '0', '0', '0', '0', '2', '1', '0', '0', '1', '0');
INSERT INTO `sport_season` VALUES ('15', '2015', '2', '贾斯汀-霍乐迪', '33', '勇士', '30', '1', '0', '1', '1', '1', '0', '0', '0', '0', '0', '0', '0', '0', '0', '0', '0', '2');
INSERT INTO `sport_season` VALUES ('16', '2015', '2', '安德烈-伊戈达拉', '34', '勇士', '30', '1', '0', '30', '4', '9', '1', '3', '0', '0', '2', '3', '5', '1', '0', '0', '4', '9');
INSERT INTO `sport_season` VALUES ('17', '2015', '2', '大卫-李', '35', '勇士', '30', '1', '0', '21', '8', '11', '0', '0', '3', '5', '2', '2', '2', '0', '1', '2', '4', '19');
INSERT INTO `sport_season` VALUES ('18', '2015', '2', '克雷-汤普森', '36', '勇士', '30', '1', '1', '34', '5', '13', '3', '5', '0', '0', '1', '6', '4', '0', '3', '3', '1', '13');
INSERT INTO `sport_season` VALUES ('19', '2015', '2', '安德鲁-博格特', '37', '勇士', '30', '1', '1', '21', '3', '8', '0', '0', '0', '0', '2', '3', '2', '0', '2', '1', '2', '6');
INSERT INTO `sport_season` VALUES ('20', '2015', '2', '莱昂德罗-巴博萨', '38', '勇士', '30', '1', '0', '15', '2', '5', '1', '3', '0', '0', '0', '0', '1', '0', '0', '1', '1', '5');
INSERT INTO `sport_season` VALUES ('21', '2015', '2', '德雷蒙德-格林', '40', '勇士', '30', '1', '1', '38', '7', '13', '0', '4', '2', '5', '3', '5', '4', '6', '0', '1', '4', '16');
INSERT INTO `sport_season` VALUES ('22', '2015', '2', '斯蒂芬-库里', '41', '勇士', '30', '1', '1', '34', '5', '17', '3', '9', '5', '5', '0', '3', '6', '1', '0', '4', '3', '18');
INSERT INTO `sport_season` VALUES ('23', '2015', '2', '沙恩-利文斯顿', '43', '勇士', '30', '1', '0', '14', '0', '4', '0', '0', '0', '2', '1', '4', '3', '1', '0', '0', '0', '0');
INSERT INTO `sport_season` VALUES ('24', '2015', '2', '哈里森-巴恩斯', '44', '勇士', '30', '1', '1', '28', '4', '10', '3', '5', '0', '2', '3', '4', '3', '1', '0', '2', '4', '11');
INSERT INTO `sport_season` VALUES ('25', '2015', '2', '阿隆-布鲁克斯', '61', '公牛', '9', '1', '1', '38', '6', '13', '2', '6', '3', '4', '2', '3', '6', '1', '0', '7', '4', '17');
INSERT INTO `sport_season` VALUES ('26', '2015', '2', '乔金-诺阿', '65', '公牛', '9', '1', '1', '33', '3', '3', '0', '0', '0', '0', '3', '5', '7', '2', '0', '1', '3', '6');
INSERT INTO `sport_season` VALUES ('27', '2015', '2', '保罗-加索尔', '66', '公牛', '9', '1', '1', '31', '6', '13', '0', '0', '0', '0', '2', '7', '4', '0', '0', '2', '3', '12');
INSERT INTO `sport_season` VALUES ('28', '2015', '2', '托尼-斯内尔', '67', '公牛', '9', '1', '0', '6', '1', '3', '0', '2', '0', '0', '0', '1', '0', '0', '0', '0', '1', '2');
INSERT INTO `sport_season` VALUES ('29', '2015', '2', '吉米-巴特勒', '68', '公牛', '9', '1', '1', '42', '6', '14', '2', '3', '2', '3', '1', '3', '5', '3', '0', '2', '4', '16');
INSERT INTO `sport_season` VALUES ('30', '2015', '2', '塔基-吉布森', '69', '公牛', '9', '1', '0', '23', '1', '4', '0', '0', '3', '4', '0', '2', '0', '0', '2', '1', '3', '5');
INSERT INTO `sport_season` VALUES ('31', '2015', '2', '迈克-邓利维', '70', '公牛', '9', '1', '1', '33', '8', '12', '4', '6', '4', '4', '1', '4', '4', '1', '0', '1', '2', '24');
INSERT INTO `sport_season` VALUES ('32', '2015', '2', '尼科拉-米罗蒂奇', '72', '公牛', '9', '1', '0', '24', '3', '12', '3', '9', '3', '6', '0', '10', '0', '0', '0', '2', '0', '12');
INSERT INTO `sport_season` VALUES ('33', '2015', '2', '埃托万-摩尔', '74', '公牛', '9', '1', '0', '10', '0', '2', '0', '1', '0', '0', '0', '1', '2', '0', '0', '0', '2', '0');

-- ----------------------------
-- Table structure for `temp`
-- ----------------------------
DROP TABLE IF EXISTS `temp`;
CREATE TABLE `temp` (
  `teid` tinyint(10) unsigned NOT NULL AUTO_INCREMENT,
  `te_name` char(20) NOT NULL DEFAULT '',
  `te_e_name` char(20) NOT NULL DEFAULT '' COMMENT '球队英文名',
  `te_s_name` char(15) NOT NULL DEFAULT '' COMMENT '球队缩写名',
  `te_logo` char(20) NOT NULL DEFAULT '' COMMENT '球队logo图片名',
  `te_city` char(20) NOT NULL DEFAULT '',
  `te_boss` char(30) NOT NULL DEFAULT '',
  `te_gym` char(30) NOT NULL DEFAULT '',
  `te_in_time` char(20) NOT NULL DEFAULT '',
  `te_champion` int(10) unsigned NOT NULL DEFAULT '0',
  `te_rank` int(10) unsigned NOT NULL DEFAULT '0',
  `te_coach` char(30) NOT NULL DEFAULT '',
  `f_coach` char(20) NOT NULL DEFAULT '' COMMENT '教练图片名字',
  `sina_id` tinyint(10) unsigned NOT NULL DEFAULT '0' COMMENT '新浪球队的id',
  `acid` tinyint(10) unsigned NOT NULL DEFAULT '0',
  PRIMARY KEY (`teid`)
) ENGINE=InnoDB AUTO_INCREMENT=31 DEFAULT CHARSET=utf8;

-- ----------------------------
-- Records of temp
-- ----------------------------
INSERT INTO `temp` VALUES ('0', '自由球员', '', '', '', '', '', '', '', '0', '0', '', '', '0', '0');
INSERT INTO `temp` VALUES ('1', '迈阿密热火队', 'Miami Heat', '热火', 'dn_flag_3.jpg', '迈阿密', '米奇-阿里森(Micky Arison)', '美航球馆', '1988', '3', '0', '埃里克-斯波尔斯特拉', '1.jpg', '14', '3');
INSERT INTO `temp` VALUES ('2', '奥兰多魔术队', 'Orlando Magic', '魔术', 'dn_flag_4.jpg', '奥兰多', '里奇-迪沃斯(Rich DeVos)', '安利中心球馆', '1989', '0', '0', '詹姆斯-博雷戈', '2.jpg', '19', '3');
INSERT INTO `temp` VALUES ('3', '亚特兰大老鹰队', 'Atlanta Hawks', '老鹰', 'dn_flag_1.jpg', '亚特兰大', '迈克尔-吉尔洛(Michael Gearon)', '菲利普斯球馆', '1949', '1', '0', '迈克-布登霍泽', '3.jpg', '1', '3');
INSERT INTO `temp` VALUES ('4', '华盛顿奇才队', 'Washington Wizards', '奇才', 'dn_flag_5.jpg', '华盛顿', '泰德-李昂西斯(Ted Leonsis)', '威瑞森中心球馆', '1961', '1', '0', '兰迪-惠特曼', '4.jpg', '27', '3');
INSERT INTO `temp` VALUES ('5', '夏洛特黄蜂队', 'Charlotte Hornets', '黄蜂', 'dn_flag_2.jpg', '夏洛特', '迈克尔-乔丹(Michael Jordan)', '时代华纳中心球馆', '2004', '0', '0', '斯蒂夫-克里福德', '5.jpg', '30', '3');
INSERT INTO `temp` VALUES ('6', '底特律活塞队', 'Detroit Pistons', '活塞', 'zb_flag_3.jpg', '底特律', '汤姆-格雷斯(Tom Gores)', '奥本山宫球馆', '1948', '3', '0', '斯坦-范甘迪', '6.jpg', '8', '4');
INSERT INTO `temp` VALUES ('7', '印第安纳步行者队', 'Indiana Pacers', '步行者', 'zb_flag_4.jpg', '印第安纳', '赫伯-西蒙(Herb Simon)', '银行家生活球馆', '1976', '0', '0', '弗兰克-沃格尔', '7.jpg', '11', '4');
INSERT INTO `temp` VALUES ('8', '克里夫兰骑士队', 'Cleveland Cavaliers', '骑士', 'zb_flag_2.jpg', '克利夫兰', '丹-吉尔伯特(Dan Gilbert)', '快贷球馆', '1970', '0', '0', '大卫-布拉特', '8.jpg', '5', '4');
INSERT INTO `temp` VALUES ('9', '芝加哥公牛队', 'Chicago Bulls', '公牛', 'zb_flag_1.jpg', '芝加哥', '杰里-莱因斯多夫(Jerry Reinsdorf)', '联合中心球馆', '1966', '6', '0', '汤姆-希伯杜', '9.jpg', '4', '4');
INSERT INTO `temp` VALUES ('10', '密尔沃基雄鹿队', 'Milwaukee Bucks', '雄鹿', 'zb_flag_5.jpg', '密尔沃基', '赫伯-科尔(Herb Kohl)', '布拉德利中心球馆', '1968', '1', '0', '贾森-基德', '10.jpg', '15', '4');
INSERT INTO `temp` VALUES ('11', '波士顿凯尔特人队', 'Boston Celtics', '凯尔特人', 'dxy_flag_1.jpg', '波士顿', '维克-格罗斯贝克(Wyc Grousbeck)', 'TD花园球馆', '1946', '17', '0', '布拉德-史蒂文斯', '11.jpg', '2', '5');
INSERT INTO `temp` VALUES ('12', '费城76人队', 'Philadelphia 76ers', '76人', 'dxy_flag_4.jpg', '费城', '约苏亚-哈里斯(Joesua Harris)', '富国银行中心球馆', '1937', '3', '0', '布雷特-布朗', '12.jpg', '20', '5');
INSERT INTO `temp` VALUES ('13', '纽约尼克斯队', 'New York Knicks', '尼克斯', 'dxy_flag_3.jpg', '纽约', '美国有线电视(Cablevision)', '麦迪逊广场花园球馆', '1946', '2', '0', '德里克-费舍尔', '13.jpg', '18', '5');
INSERT INTO `temp` VALUES ('14', '布鲁克林篮网队', 'Brooklyn Nets', '篮网', 'dxy_flag_2.jpg', '布鲁克林', '米哈伊尔-普罗霍洛夫(Mikhail Prokhorov)', '巴克莱中心球馆', '1967', '1', '0', '莱昂内尔-霍林斯', '14.jpg', '17', '5');
INSERT INTO `temp` VALUES ('15', '多伦多猛龙队', 'Toronto Raptors', '猛龙', 'dxy_flag_5.jpg', '多伦多', '马普-利夫(Maple Leaf)', '加航中心球馆', '1995', '0', '0', '德维恩-凯西', '15.jpg', '28', '5');
INSERT INTO `temp` VALUES ('16', '圣安东尼奥马刺队', 'San Antonio Spurs', '马刺', 'xn_flag_5.jpg', '圣安东尼奥', '皮特-霍尔特(Peter Holt)', 'AT&T中心球馆', '1976', '5', '0', '格雷格-波波维奇', '16.jpg', '24', '6');
INSERT INTO `temp` VALUES ('17', '孟菲斯灰熊队', 'Memphis Grizzlies', '灰熊', 'xn_flag_3.jpg', '孟菲斯', '罗伯特-佩拉(Robert Pera)', '联邦快递球馆', '1995', '0', '0', '戴夫-乔格尔', '17.jpg', '29', '6');
INSERT INTO `temp` VALUES ('18', '达拉斯小牛队', 'Dallas Mavericks', '小牛', 'xn_flag_1.jpg', '达拉斯', '马克-库班(Mark Cuban)', '美航中心球馆', '1980', '1', '0', '里克-卡莱尔', '18.jpg', '6', '6');
INSERT INTO `temp` VALUES ('19', '休斯顿火箭队', 'Houston Rockets', '火箭', 'xn_flag_2.jpg', '休斯顿', '莱斯利-亚历山大(Leslie Alexander)', '丰田中心球馆', '1967', '2', '0', '凯文-麦克海尔', '19.jpg', '10', '6');
INSERT INTO `temp` VALUES ('20', '新奥尔良鹈鹕队', 'New Orleans Pelicans', '鹈鹕', 'xn_flag_4.jpg', '新奥尔良', '汤姆-本森(Tom Benson)', '新奥尔良球馆', '1988', '0', '0', '蒙蒂-威廉姆斯', '20.jpg', '3', '6');
INSERT INTO `temp` VALUES ('21', '明尼苏达森林狼队', 'Minnesota Timberwolv', '森林狼', 'xb_flag_3.jpg', '明尼苏达', '格伦-泰勒(Glen Taylor)', '标靶中心球馆', '1989', '0', '0', '菲利普-桑德斯', '21.jpg', '16', '7');
INSERT INTO `temp` VALUES ('22', '丹佛掘金队', 'Denver Nuggets', '掘金', 'xb_flag_1.jpg', '丹佛', '斯坦利-克罗恩科(Stanley Kroenke)', '百事中心球馆', '1976', '0', '0', '布莱恩-肖', '22.jpg', '7', '7');
INSERT INTO `temp` VALUES ('23', '尤他爵士队', 'Utah Jazz', '爵士', 'xb_flag_5.jpg', '尤他', '格雷格-米勒(Greg Miller)', '能源方案球馆', '1974', '0', '0', '奎因-斯奈德', '23.jpg', '26', '7');
INSERT INTO `temp` VALUES ('24', '波特兰开拓者队', 'Portland Trail Blaze', '开拓者', 'xb_flag_2.jpg', '波特兰', '保罗-阿伦(Paul Allen)', '玫瑰花园球馆', '1970', '1', '0', '特里-斯托特斯', '24.jpg', '22', '7');
INSERT INTO `temp` VALUES ('25', '俄克拉荷马雷霆队', 'Oklahoma City Thunde', '雷霆', 'xb_flag_4.jpg', '俄克拉荷马', '克雷-本内特(Clay Bennett)', '切萨皮克能源球馆', '1967', '1', '0', '斯科特-布鲁克斯', '25.jpg', '25', '7');
INSERT INTO `temp` VALUES ('26', '萨克拉门托国王队', 'Sacramento Kings', '国王', 'tpy_flag_5.jpg', '萨克拉门托', '维维克-拉纳戴夫(Vivek Ranadive)', '能量平衡球馆', '1948', '1', '0', '迈克-马龙', '26.jpg', '23', '8');
INSERT INTO `temp` VALUES ('27', '菲尼克斯太阳队', 'Phoenix Suns', '太阳', 'tpy_flag_4.jpg', '菲尼克斯', '罗伯特-萨沃尔(Robert Sarver)', '美航中心球馆', '1968', '0', '0', '杰夫-霍纳塞克', '27.jpg', '21', '8');
INSERT INTO `temp` VALUES ('28', '洛杉矶湖人队', 'Los Angeles Lakers', '湖人', 'tpy_flag_3.jpg', '洛杉矶', '吉姆-巴斯(Jim Buss)', '斯台普斯中心球馆', '1948', '16', '0', '拜伦-斯科特', '28.jpg', '13', '8');
INSERT INTO `temp` VALUES ('29', '洛杉矶快船队', 'Los Angeles Clippers', '快船', 'tpy_flag_2.jpg', '洛杉矶', '史蒂夫·鲍尔默(Steve Ballmer)', '斯台普斯中心球馆', '1970', '0', '0', '多克-里弗斯', '29.jpg', '12', '8');
INSERT INTO `temp` VALUES ('30', '金州勇士队', 'Golden State Warrior', '勇士', 'tpy_flag_1.jpg', '金州', '乔-拉科布(Joe Lacob)', '甲骨文球馆', '1946', '3', '0', '史蒂夫-科尔', '30.jpg', '9', '8');

-- ----------------------------
-- Table structure for `temp_his`
-- ----------------------------
DROP TABLE IF EXISTS `temp_his`;
CREATE TABLE `temp_his` (
  `hsid` int(10) unsigned NOT NULL AUTO_INCREMENT,
  `h_text` text NOT NULL,
  `h_time` int(10) NOT NULL COMMENT '发表时间',
  `h_title` varchar(30) NOT NULL DEFAULT '',
  PRIMARY KEY (`hsid`)
) ENGINE=InnoDB AUTO_INCREMENT=4 DEFAULT CHARSET=utf8;

-- ----------------------------
-- Records of temp_his
-- ----------------------------
INSERT INTO `temp_his` VALUES ('1', '<h1 class=\"title maintitle\" id=\"\" style=\"margin: 0px 0px 14px; padding: 0px; font-size: 34px; width: 700px; font-family: &#39;Microsoft YaHei&#39;, SimHei, Verdana; line-height: 34px; font-weight: 500; z-index: 0; position: relative; overflow: hidden; zoom: 1; clear: right; white-space: normal; background-color: rgb(255, 255, 255);\"><span class=\"lemmaTitleH1\" style=\"height: auto; padding: 0px 0px 5px; display: inline;\">克里夫兰骑士队</span></h1><p><img src=\"/PHPdemo_practice_byself/jerise-nba/public/index/images/new/20150515/1431673722282589.jpg\" title=\"1431673722282589.jpg\" alt=\"4afbfbedab64034f1952667cacc379310a551d28.jpg\" style=\"float: right;\"/></p><p style=\"text-indent: 2em;\"><span style=\"color: rgb(51, 51, 51); font-family: arial, 宋体, sans-serif; font-size: 14px; line-height: 24px; text-indent: 28px; background-color: rgb(255, 255, 255);\">克里夫兰骑士队（Cleveland Cavaliers）是位于美国俄亥俄州克里夫兰的NBA球队，于1970年加入NBA联盟。</span></p><p style=\"text-indent: 2em;\"><span style=\"color: rgb(51, 51, 51); font-family: arial, 宋体, sans-serif; font-size: 14px; line-height: 24px; text-indent: 28px; background-color: rgb(255, 255, 255);\">骑士队在2003年挑选了状元秀勒布朗·詹姆斯，在詹姆斯的带领下，骑士队于2007年首次进入NBA总决赛，但被圣安东尼奥马刺以4-0横扫出局。而后2010年詹姆斯宣布加盟热火。骑士次年战绩垫底，但抽中状元签，在2011年选秀大会上骑士队用状元签选中凯里·欧文，骑士进入重建。2014年骑士凭借1.7%的概率4年内第三次拿下状元签。北京时间2014年7月12日，詹姆斯宣布回归骑士队。同年夏天，骑士队通过签约与交易，组建了勒布朗·詹姆斯、凯里·欧文与凯文·乐福的骑士队三巨头。</span></p><p dir=\"ltr\" style=\"text-indent: 0em;\"><br/></p><p dir=\"ltr\" style=\"text-indent: 0em;\"><span style=\"font-family: &#39;Microsoft YaHei&#39;, SimHei, Verdana; font-size: 24px; line-height: 24px; color: rgb(255, 255, 255); background-color: rgb(0, 112, 192);\">&nbsp;1 </span><span style=\"font-family: &#39;Microsoft YaHei&#39;, SimHei, Verdana; font-size: 24px; line-height: 24px; background-color: rgb(255, 255, 255);\">队名溯源</span></p><p dir=\"ltr\" style=\"text-indent: 2em;\"><span style=\"font-family: &#39;Microsoft YaHei&#39;, SimHei, Verdana; font-size: 24px; line-height: 24px; background-color: rgb(255, 255, 255);\"><span style=\"color: rgb(51, 51, 51); font-family: arial, 宋体, sans-serif; font-size: 14px; line-height: 24px; text-indent: 28px; background-color: rgb(255, 255, 255);\">1970年入盟，克里夫兰在给新成立的职业篮球队起队名时，在当地投票表决，结果6000张选票中超过三分之一的票数选了“骑士”</span></span></p><p><span style=\"font-family: &#39;Microsoft YaHei&#39;, SimHei, Verdana; font-size: 24px; line-height: 24px; color: rgb(255, 255, 255); background-color: rgb(0, 112, 192);\">&nbsp;2&nbsp;</span><span style=\"font-family: &#39;Microsoft YaHei&#39;, SimHei, Verdana; font-size: 24px; line-height: 24px; background-color: rgb(255, 255, 255);\">球队历史</span></p><p style=\"text-indent: 2em;\"><span style=\"color: rgb(51, 51, 51); font-family: arial, 宋体, sans-serif; font-size: 14px; line-height: 24px; text-indent: 28px; background-color: rgb(255, 255, 255);\">1970年进入联盟的骑士队，是NBA中最不走运的球队之一。虽然在NBA经营了40多年，队中也时有明星闪耀，却仅在2006-2007赛季依靠当家球星勒布朗·詹姆斯率领进入过唯一一次总决赛。</span></p><p style=\"text-indent: 2em;\"><span style=\"color: rgb(51, 51, 51); font-family: arial, 宋体, sans-serif; font-size: 14px; line-height: 24px; text-indent: 28px; background-color: rgb(255, 255, 255);\"><br/></span></p><p style=\"text-indent: 0em;\"><span style=\"font-family: &#39;Microsoft YaHei&#39;, SimHei, Verdana; font-size: 18px; line-height: 19px; text-indent: 2em; background-color: rgb(255, 255, 255);\">1970-1971：难堪的首赛季之秀</span></p><p style=\"text-indent: 2em;\"><span style=\"color: rgb(51, 51, 51); font-family: arial, 宋体, sans-serif; font-size: 14px; line-height: 24px; text-indent: 28px; background-color: rgb(255, 255, 255);\">70-71赛季：骑士刚进入联盟，因为球馆仍被冰球联盟签用，他们只能连打7个客场，结果全输。后来的首个主场，骑士输给对手圣迭戈火箭队（San Diego Rockets）。直到他们作客击败同为新军的波特兰开拓者队才止住15连败。此后又是节节败退。常规赛最后一场对波特兰开拓者，骑士队战到最后时刻还落后两分，紧急关头后卫约翰·沃伦（John Warren）抢到球并快攻上篮，却惨遭开拓者中锋盖帽，骑士遗憾落败。首个赛季骑士的成绩仅为15胜67负，球队的入座率也陷入低迷，1月初的4个主场场均不足3000名观众。唯一值得庆祝的是新秀约翰-约翰逊入选了全明星，他赛季场均得了16.6分。</span></p><p style=\"text-indent: 2em;\"><span style=\"color: rgb(51, 51, 51); font-family: arial, 宋体, sans-serif; font-size: 14px; line-height: 24px; text-indent: 28px; background-color: rgb(255, 255, 255);\"></span></p><h3 class=\"headline-2\" style=\"margin: 20px 0px 12px; padding: 0px; font-size: 18px; font-family: &#39;Microsoft YaHei&#39;, SimHei, Verdana; line-height: 19px; clear: both; font-weight: 500; white-space: normal; background-color: rgb(255, 255, 255);\"><span class=\"headline-content\">1978-1986：一个老板耽误球队多年</span></h3><p style=\"text-indent: 2em;\"><span style=\"color: rgb(51, 51, 51); font-family: arial, 宋体, sans-serif; font-size: 14px; line-height: 24px; text-indent: 28px; background-color: rgb(255, 255, 255);\"></span><span style=\"color: rgb(51, 51, 51); font-family: arial, 宋体, sans-serif; font-size: 14px; line-height: 24px; text-indent: 28px; background-color: rgb(255, 255, 255);\">78-79赛季：骑士尽是老弱残兵。得分手埃尔摩尔·史密斯（Elmore Smith）、鲍比-史密斯、弗雷泽和“渣滓”沃克纷纷受伤缺席。骑士以30胜52负无缘季后赛。</span></p><p style=\"text-indent: 2em;\"><span style=\"color: rgb(51, 51, 51); font-family: arial, 宋体, sans-serif; font-size: 14px; line-height: 24px; text-indent: 28px; background-color: rgb(255, 255, 255);\">79-80赛季：主教练</span><span style=\"color: rgb(51, 51, 51); font-family: arial, 宋体, sans-serif; font-size: 14px; line-height: 24px; text-indent: 28px; background-color: rgb(255, 255, 255);\">比尔·菲奇</span><span style=\"color: rgb(51, 51, 51); font-family: arial, 宋体, sans-serif; font-size: 14px; line-height: 24px; text-indent: 28px; background-color: rgb(255, 255, 255);\">辞职，宣告了骑士一个时代的终结。斯坦·阿尔贝克（Stan Albeck）接过教鞭。骑士得到了后卫兰迪·史密斯（Randy Smith），吉姆-乔尼斯被送到湖人换回戴夫·罗比什（Dave Robisch）。埃尔摩尔·史密斯因膝伤手术断送赛季。沃尔特-弗雷泽宣布退役。随后球队被老板尼克·米莱蒂（Nick Mileti）卖掉，新老板泰德·斯特皮恩（Ted Stepien）的统治开始。在斯特皮恩统治的三年里骑士平均每年赢球22场，换主教练6个，人员的39次变动也排名联盟第一，球队入座率在三年里有两次在联盟垫底</span><span style=\"color: rgb(51, 51, 51); font-family: arial, 宋体, sans-serif; font-size: 14px; line-height: 24px; text-indent: 28px; background-color: rgb(255, 255, 255);\">。</span></p><p style=\"text-indent: 2em;\"><span style=\"color: rgb(51, 51, 51); font-family: arial, 宋体, sans-serif; font-size: 14px; line-height: 24px; text-indent: 28px; background-color: rgb(255, 255, 255);\"><span style=\"color: rgb(51, 51, 51); font-family: arial, 宋体, sans-serif; font-size: 14px; line-height: 24px; text-indent: 28px; background-color: rgb(255, 255, 255);\">80-81赛季：比尔·穆塞尔曼（Bill Musselman）出任骑士主教练。坎皮·拉塞尔和奥斯汀·卡尔转投他队。米切尔以场均24.5分的表现入选了在克利夫兰举行的全明星赛并在比赛中出场15分钟拿下了14分。这也是该赛季的最高点。随后因战绩不佳穆塞尔曼被解职，由球队经理唐·德莱尼（Don Delaney）替。赛季结束骑士的成绩只有28胜54负排在分区的第5位。</span></span></p><p style=\"text-indent: 2em;\"><span style=\"color: rgb(51, 51, 51); font-family: arial, 宋体, sans-serif; font-size: 14px; line-height: 24px; text-indent: 28px; background-color: rgb(255, 255, 255);\"><span style=\"color: rgb(51, 51, 51); font-family: arial, 宋体, sans-serif; font-size: 14px; line-height: 24px; text-indent: 28px; background-color: rgb(255, 255, 255);\">82-83赛季：穆塞尔曼在赛季前下课，汤姆·尼萨尔克（Tom Nissalke）走马上任。12月骑士把罗恩·布鲁尔（Ron Brewer）送到金州勇士队并换回了沃尔德·弗里（World B. Free）。弗里到来之后，至少为骑士每场贡献20分。最终骑士以23-59结束赛季。赛季结束后戈登-冈德和乔治·冈德（George Gund）两兄弟买下了球队。朗尼·谢尔顿（Lonnie Shelton）从西雅图超音速来加盟。为了符号化新的开始，骑士发布了新的队标和球队颜色。橙黄、白和蓝色代替了原先的暗红和金黄色。</span><span style=\"color: rgb(51, 51, 51); font-family: arial, 宋体, sans-serif; font-size: 14px; line-height: 24px; text-indent: 28px; background-color: rgb(255, 255, 255);\">（注：1980年至1983年期间，克利夫兰骑士队的老板斯特皮恩进行大量交易，将球队未来的多个选秀权送走，但骑士却无法利用这些本可能帮助球队的选秀权走出困境。联盟最终迫使斯特皮恩将球队出售给克利夫兰当地的一位富豪戈登·冈德（Gordon Gund）。同时NBA联盟从此也多了一条规则：禁止任何一支球队因交易而连续两年没有首轮选秀权。）</span></span></p><p style=\"text-indent: 2em;\"><span style=\"color: rgb(51, 51, 51); font-family: arial, 宋体, sans-serif; font-size: 14px; line-height: 24px; text-indent: 28px; background-color: rgb(255, 255, 255);\"><span style=\"color: rgb(51, 51, 51); font-family: arial, 宋体, sans-serif; font-size: 14px; line-height: 24px; text-indent: 28px; background-color: rgb(255, 255, 255);\">83-84赛季：换了面貌的骑士成绩还是没起色，创下客场16连败的球队纪录，整个赛季只赢5个客场比赛。以28胜54负排名中央区第四，这是球队自78-79赛季以来的最好成绩。主场入座率平均达到5075人，比上一年提高了30%。</span><img src=\"/PHPdemo_practice_byself/jerise-nba/public/index/images/new/20150515/1431674250107467.jpg\" alt=\"奥斯汀·卡尔\" style=\"float: right; width: 162px; height: 220px;\" width=\"162\" height=\"220\" border=\"0\" vspace=\"0\" title=\"奥斯汀·卡尔\"/></span></p><p style=\"text-indent: 2em;\"><span style=\"color: rgb(51, 51, 51); font-family: arial, 宋体, sans-serif; font-size: 14px; line-height: 24px; text-indent: 28px; background-color: rgb(255, 255, 255);\"><span style=\"color: rgb(51, 51, 51); font-family: arial, 宋体, sans-serif; font-size: 14px; line-height: 24px; text-indent: 28px; background-color: rgb(255, 255, 255);\">84-85赛季：33岁的乔治·卡尔（George Karl）接替汤姆-尼萨尔克的帅位。2胜19负的糟糕开局后，他们的胜率超过50%达7场之多。最后取得了36胜46负的成绩，重夺首个季后赛席位。逆转功臣是场均22.5分的弗里和场均15.8分的前锋菲尔·赫巴德</span><span style=\"color: rgb(51, 51, 51); font-family: arial, 宋体, sans-serif; font-size: 14px; line-height: 24px; text-indent: 28px; background-color: rgb(255, 255, 255);\">（Phil Hubbard）和罗伊·辛森，</span><span style=\"color: rgb(51, 51, 51); font-family: arial, 宋体, sans-serif; font-size: 14px; line-height: 24px; text-indent: 28px; background-color: rgb(255, 255, 255);\">季后赛中骑士首轮被卫冕冠军凯尔特人淘汰，三场败仗都是仅以一两分惜败。</span></span></p><p style=\"text-indent: 2em;\"><span style=\"color: rgb(51, 51, 51); font-family: arial, 宋体, sans-serif; font-size: 14px; line-height: 24px; text-indent: 28px; background-color: rgb(255, 255, 255);\"><span style=\"color: rgb(51, 51, 51); font-family: arial, 宋体, sans-serif; font-size: 14px; line-height: 24px; text-indent: 28px; background-color: rgb(255, 255, 255);\"><span style=\"color: rgb(51, 51, 51); font-family: arial, 宋体, sans-serif; font-size: 14px; line-height: 24px; text-indent: 28px; background-color: rgb(255, 255, 255);\">骑士在85年的NBA选秀中以第9顺位选中大前锋查尔斯-奥克利(Charles Oakley)，然而马上就把他和次轮新秀卡尔文·邓肯（Calvin Duncan）送到了芝加哥并换回了凯斯·李（Keith Lee，第11顺位）和埃尼斯·沃特利（Ennis Whatley）。沃特利在骑士总共只打了8场球，李则在克利夫兰无所作为地混了两个赛季。在那年的选秀中骑士还选中了杜兰大学的约翰“飞车手”威廉姆斯（John &quot;Hot Rod&quot; Williams）。然而威廉姆斯却因涉及杜兰大学（Tulane University）体育贿赂而被NBA宣布取消选秀资格。威廉姆斯在选秀结束前1周证明了自己的清白并即刻和骑士签了合同。</span></span></span></p><p style=\"text-indent: 2em;\"><span style=\"color: rgb(51, 51, 51); font-family: arial, 宋体, sans-serif; font-size: 14px; line-height: 24px; text-indent: 28px; background-color: rgb(255, 255, 255);\"><span style=\"color: rgb(51, 51, 51); font-family: arial, 宋体, sans-serif; font-size: 14px; line-height: 24px; text-indent: 28px; background-color: rgb(255, 255, 255);\"><span style=\"color: rgb(51, 51, 51); font-family: arial, 宋体, sans-serif; font-size: 14px; line-height: 24px; text-indent: 28px; background-color: rgb(255, 255, 255);\"><span style=\"color: rgb(51, 51, 51); font-family: arial, 宋体, sans-serif; font-size: 14px; line-height: 24px; text-indent: 28px; background-color: rgb(255, 255, 255);\">85-86赛季：骑士战绩平庸，乔治·卡尔3月被炒了鱿鱼。吉恩·利特尔斯（Gene Littles）接任。骑士在季后赛席位争夺战中主场击败公牛，但赛季末的低迷让他们最终以29-53输了这场竞赛。</span></span></span></span></p><p style=\"text-indent: 2em;\"><span style=\"color: rgb(51, 51, 51); font-family: arial, 宋体, sans-serif; font-size: 14px; line-height: 24px; text-indent: 28px; background-color: rgb(255, 255, 255);\"><span style=\"color: rgb(51, 51, 51); font-family: arial, 宋体, sans-serif; font-size: 14px; line-height: 24px; text-indent: 28px; background-color: rgb(255, 255, 255);\"></span></span></p><h3 class=\"headline-2\" style=\"margin: 20px 0px 12px; padding: 0px; font-size: 18px; font-family: &#39;Microsoft YaHei&#39;, SimHei, Verdana; line-height: 19px; clear: both; font-weight: 500; white-space: normal; background-color: rgb(255, 255, 255);\"><span class=\"headline-content\">1988-1989：不要在骑士面前提起迈克尔-乔丹</span></h3><p style=\"text-indent: 2em;\"><span style=\"color: rgb(51, 51, 51); font-family: arial, 宋体, sans-serif; font-size: 14px; line-height: 24px; text-indent: 28px; background-color: rgb(255, 255, 255);\">88-89赛季：骑士以8胜3负开了好局，并创下11连胜的球</span></p><p><img class=\"\" alt=\"迈克尔乔丹终结骑士赛季\" src=\"/PHPdemo_practice_byself/jerise-nba/public/index/images/new/20150515/1431674752104033.jpg\" style=\"border: 0px; display: block; margin: 0px auto; width: 153px; height: 220px; float: right;\" width=\"153\" height=\"220\" border=\"0\" vspace=\"0\" title=\"迈克尔乔丹终结骑士赛季\"/><span style=\"color: rgb(51, 51, 51); font-family: arial, 宋体, sans-serif; font-size: 14px; line-height: 24px; text-indent: 28px; background-color: rgb(255, 255, 255);\">队历史纪录。骑士还以单场21个盖帽平了NBA的单场盖帽纪录，并获得历史上第一个50胜。他们在中央区落后了底特律活塞6个胜场，以57胜25负的成绩与洛杉矶湖人队并列联盟第二。</span></p><p style=\"text-indent: 2em;\"><span style=\"color: rgb(51, 51, 51); font-family: arial, 宋体, sans-serif; font-size: 14px; line-height: 24px; text-indent: 28px; background-color: rgb(255, 255, 255);\"><span style=\"color: rgb(51, 51, 51); font-family: arial, 宋体, sans-serif; font-size: 14px; line-height: 24px; text-indent: 28px; background-color: rgb(255, 255, 255);\">季后赛首轮中骑士连续第二年碰到了公牛。两队在克利夫兰和芝加哥战成2-2平。在第5场生死战中，迈克尔·乔丹用一个16英尺外的跳投以101-100终结了骑士。乔丹的这一记逆转命中也成为了NBA季后赛历史上的一个伟大时刻。</span></span></p><p style=\"text-indent: 2em;\"><span style=\"color: rgb(51, 51, 51); font-family: arial, 宋体, sans-serif; font-size: 14px; line-height: 24px; text-indent: 28px; background-color: rgb(255, 255, 255);\"><span style=\"color: rgb(51, 51, 51); font-family: arial, 宋体, sans-serif; font-size: 14px; line-height: 24px; text-indent: 28px; background-color: rgb(255, 255, 255);\"></span></span></p><h3 class=\"headline-2\" style=\"margin: 20px 0px 12px; padding: 0px; font-size: 18px; font-family: &#39;Microsoft YaHei&#39;, SimHei, Verdana; line-height: 19px; clear: both; font-weight: 500; white-space: normal; background-color: rgb(255, 255, 255);\"><span class=\"headline-content\">1991-1992：骑士57胜</span></h3><p><img class=\"\" alt=\"明星球员普莱斯上篮\" src=\"/PHPdemo_practice_byself/jerise-nba/public/index/images/new/20150515/1431674948555540.jpg\" style=\"border: 0px; display: block; margin: 0px auto; width: 158px; height: 220px; float: right;\"/></p><p style=\"text-indent: 2em;\"><span style=\"color: rgb(51, 51, 51); font-family: arial, 宋体, sans-serif; font-size: 14px; line-height: 24px; text-indent: 28px; background-color: rgb(255, 255, 255);\">1991-92赛季：骑士走出伤病，取得57胜25负，并曾以148-80大胜迈阿密热创下NBA历史上的最大胜利分差。多赫蒂成为球队历史上的篮板王，</span><span style=\"color: rgb(51, 51, 51); font-family: arial, 宋体, sans-serif; font-size: 14px; line-height: 24px; text-indent: 28px; background-color: rgb(255, 255, 255);\">兰尼·威尔肯斯</span><span style=\"color: rgb(51, 51, 51); font-family: arial, 宋体, sans-serif; font-size: 14px; line-height: 24px; text-indent: 28px; background-color: rgb(255, 255, 255);\">赢下了他个人的第800场胜利，南斯则超过了</span><span style=\"color: rgb(51, 51, 51); font-family: arial, 宋体, sans-serif; font-size: 14px; line-height: 24px; text-indent: 28px; background-color: rgb(255, 255, 255);\">埃尔文·海耶斯</span><span style=\"color: rgb(51, 51, 51); font-family: arial, 宋体, sans-serif; font-size: 14px; line-height: 24px; text-indent: 28px; background-color: rgb(255, 255, 255);\">成为NBA历史上盖帽最多的前锋。普莱斯以94.7%的罚球命中率排名联盟第一，联盟史上第二佳。季后赛首轮骑士击垮新泽西网，自1976年以来首次闯过第一轮。东部半决赛中骑士在与凯尔特人的决胜局中以18分的优势取胜。东部决赛骑士与芝加哥公牛打了6场被淘汰。</span></p><p style=\"text-indent: 2em;\"><span style=\"color: rgb(51, 51, 51); font-family: arial, 宋体, sans-serif; font-size: 14px; line-height: 24px; text-indent: 28px; background-color: rgb(255, 255, 255);\"><span style=\"color: rgb(51, 51, 51); font-family: arial, 宋体, sans-serif; font-size: 14px; line-height: 24px; text-indent: 28px; background-color: rgb(255, 255, 255);\"></span></span></p><h3 class=\"headline-2\" style=\"margin: 20px 0px 12px; padding: 0px; font-size: 18px; font-family: &#39;Microsoft YaHei&#39;, SimHei, Verdana; line-height: 19px; clear: both; font-weight: 500; white-space: normal; background-color: rgb(255, 255, 255);\"><span class=\"headline-content\">1992-1993：乔丹又一次把骑士送回了老家</span></h3><p style=\"text-indent: 2em;\"><span style=\"color: rgb(51, 51, 51); font-family: arial, 宋体, sans-serif; font-size: 14px; line-height: 24px; text-indent: 28px; background-color: rgb(255, 255, 255);\">1992-93赛季：慢热的骑士在2月份表现强劲，只输1场，创下了球队历史上单月最佳成绩。兰尼·威尔肯斯以846场的总胜场数把比尔·菲奇挤到了教练赢球纪录的第四位。精准的投射使骑士成了NBA历史上命中率最高的球队之一，该赛季骑士的投篮命中率（49.7%），罚球命中率（80.2%），和三分球命中率（38.1%）方面均排到了联盟第一。季后赛首轮骑士再度淘汰新泽西网，第4次面对芝加哥公牛，这一次被公牛横扫出局。第4场乔丹用一个18英尺外的压哨命中帮助公牛以103-101赢得了比赛。之后威尔肯斯辞职结束了在骑士的七年执教生涯。</span></p><p style=\"text-indent: 2em;\"><span style=\"color: rgb(51, 51, 51); font-family: arial, 宋体, sans-serif; font-size: 14px; line-height: 24px; text-indent: 28px; background-color: rgb(255, 255, 255);\"></span></p><h3 class=\"headline-2\" style=\"margin: 20px 0px 12px; padding: 0px; font-size: 18px; font-family: &#39;Microsoft YaHei&#39;, SimHei, Verdana; line-height: 19px; clear: both; font-weight: 500; white-space: normal; background-color: rgb(255, 255, 255);\"><span class=\"headline-content\">1999-2003：骑士沉默四年</span></h3><p style=\"text-indent: 2em;\"><span style=\"color: rgb(51, 51, 51); font-family: arial, 宋体, sans-serif; font-size: 14px; line-height: 24px; text-indent: 28px; background-color: rgb(255, 255, 255);\">99-00赛季：兰迪·威特曼（Randy Wittman）在赛季前取代弗拉特罗成为主教练。骑士以第8顺位得到了新秀</span><span style=\"color: rgb(51, 51, 51); font-family: arial, 宋体, sans-serif; font-size: 14px; line-height: 24px; text-indent: 28px; background-color: rgb(255, 255, 255);\">安德烈·米勒</span><span style=\"color: rgb(51, 51, 51); font-family: arial, 宋体, sans-serif; font-size: 14px; line-height: 24px; text-indent: 28px; background-color: rgb(255, 255, 255);\">。坎普的状态开始显出堕落的迹象，得分和篮板都有所下降，但仍以17.8分和8.8个篮板排在球队的第一位。新秀安德烈·米勒也表现不错，以11.1分和3.4篮板入选了新秀第一阵容。伊尔戈斯卡斯腿伤依然未愈，他左腿的两次手术使他缺席了整个赛季。</span></p><p style=\"text-indent: 2em;\"><span style=\"color: rgb(51, 51, 51); font-family: arial, 宋体, sans-serif; font-size: 14px; line-height: 24px; text-indent: 28px; background-color: rgb(255, 255, 255);\">01-02赛季：</span><span style=\"color: rgb(51, 51, 51); font-family: arial, 宋体, sans-serif; font-size: 14px; line-height: 24px; text-indent: 28px; background-color: rgb(255, 255, 255);\">约翰·卢卡斯</span><span style=\"color: rgb(51, 51, 51); font-family: arial, 宋体, sans-serif; font-size: 14px; line-height: 24px; text-indent: 28px; background-color: rgb(255, 255, 255);\">出任骑士第13任主教练。骑士在01年选到的首轮新秀德萨加纳·迪奥普（DeSagana Diop）在赛季前被检查出左脚有伤，结果整个赛季只打了18场比赛。12月伊尔戈斯卡斯从伤病名单上走了出来，但状态大不如前，出场了62场比赛场均只拿到了11.1分和5.4个篮板。安</span></p><p><img class=\"\" alt=\"安德烈·米勒独挑大梁\" src=\"/PHPdemo_practice_byself/jerise-nba/public/index/images/new/20150515/1431675035125153.jpg\" style=\"border: 0px; display: block; margin: 0px auto; width: 144px; height: 220px; float: right;\"/></p><p style=\"text-indent: 2em;\"><span style=\"color: rgb(51, 51, 51); font-family: arial, 宋体, sans-serif; font-size: 14px; line-height: 24px; text-indent: 28px; background-color: rgb(255, 255, 255);\">德烈·米勒则继续他的良好表现，场均拿到了16.5分并以10.9个助攻排在联盟的首位。该赛季米勒两次拿到了周最佳球员称号。赛季打到一半时主教练约翰-卢卡斯被解职，骑士在他的带领下只取得了8胜34负的成绩。他的继任者也好不到哪里去，在剩下来的40场比赛里只拿到了9场胜利。安德烈·米勒被送到了快船。</span></p><p style=\"text-indent: 2em;\"><span style=\"color: rgb(51, 51, 51); font-family: arial, 宋体, sans-serif; font-size: 14px; line-height: 24px; text-indent: 28px; background-color: rgb(255, 255, 255);\">02-03赛季：骑士在02年的选秀中得到了卡洛斯·布泽尔（Carlos Boozer）和达胡安·瓦格纳（Dajuan Wagner）。布泽尔作为新秀为骑士出场了81场比赛，场均得到10.0分和7.5个篮板，并以53.6%的命中率排在联盟的第3位。伊尔戈斯卡斯也出场了81场比赛，并以场均17.2分和7.5个篮板的表现入选了全明星赛。4月16日，骑士公布了新了队服和队徽，这似乎也预示着骑士将迎来一个全新的未来。</span></p><p style=\"text-indent: 2em;\"><span style=\"color: rgb(51, 51, 51); font-family: arial, 宋体, sans-serif; font-size: 14px; line-height: 24px; text-indent: 28px; background-color: rgb(255, 255, 255);\"><br/></span></p><h3 class=\"headline-2\" style=\"margin: 20px 0px 12px; padding: 0px; font-size: 18px; font-family: &#39;Microsoft YaHei&#39;, SimHei, Verdana; line-height: 19px; clear: both; font-weight: 500; white-space: normal; background-color: rgb(255, 255, 255);\"><span class=\"headline-content\">2003-2006：“国王”詹姆斯复兴骑士</span></h3><p style=\"text-indent: 2em;\"><span style=\"color: rgb(51, 51, 51); font-family: arial, 宋体, sans-serif; font-size: 14px; line-height: 24px; text-indent: 28px; background-color: rgb(255, 255, 255);\">03-04赛季：是骑士历史上一个重要赛季。球队在夏天更新了教练班子，保罗·西拉斯（Paul Silas），斯蒂芬·西拉斯（Stephen Silas）和马克·奥索斯基（Mark Osowski）分别被请来当球队的主教练和助理教练。6月26日，骑士在NBA的选秀大会上挑中了来自阿克伦的篮球天才</span><span style=\"color: rgb(51, 51, 51); font-family: arial, 宋体, sans-serif; font-size: 14px; line-height: 24px; text-indent: 28px; background-color: rgb(255, 255, 255);\">勒布朗·詹姆斯</span><span style=\"color: rgb(51, 51, 51); font-family: arial, 宋体, sans-serif; font-size: 14px; line-height: 24px; text-indent: 28px; background-color: rgb(255, 255, 255);\">（LeBron James）并与其签约。“小皇帝”詹姆斯的到来令骑士开始走出过去几年的沉寂。</span></p><p style=\"text-indent: 2em;\"><span style=\"color: rgb(51, 51, 51); font-family: arial, 宋体, sans-serif; font-size: 14px; line-height: 24px; text-indent: 28px; background-color: rgb(255, 255, 255);\">5连败之后，骑士终于在主场收获了赛季的第一场胜利，以111-98击败了</span><span style=\"color: rgb(51, 51, 51); font-family: arial, 宋体, sans-serif; font-size: 14px; line-height: 24px; text-indent: 28px; background-color: rgb(255, 255, 255);\">华盛顿奇才队</span><span style=\"color: rgb(51, 51, 51); font-family: arial, 宋体, sans-serif; font-size: 14px; line-height: 24px; text-indent: 28px; background-color: rgb(255, 255, 255);\">。勒布朗·詹姆斯拿到17分8篮板和9助攻。在客场34场连败后，骑士将里基·戴维斯（Ricky Davis）、克里斯·米姆（Chris Mihm）、迈克尔·斯图尔特（Michael Stewart）以及一个未来的二轮选秀权送到了波士顿并换回了托尼·巴蒂(Tony Battie)，凯德里克·布朗（Kedrick Brown）和埃里克·威廉姆斯（Eric Williams）等三名球员。</span></p><p style=\"text-indent: 2em;\"><span style=\"color: rgb(51, 51, 51); font-family: arial, 宋体, sans-serif; font-size: 14px; line-height: 24px; text-indent: 28px; background-color: rgb(255, 255, 255);\">12月19日，骑士终于作客以88-81击败了费城76人队，结束客场连败。詹姆斯拿到他当时的生涯最高分36分。次日，他们在芝加哥公牛的身上拿到了久违的客场背靠背连胜。圣诞日骑士加时113-101输给</span><span style=\"color: rgb(51, 51, 51); font-family: arial, 宋体, sans-serif; font-size: 14px; line-height: 24px; text-indent: 28px; background-color: rgb(255, 255, 255);\">奥兰多魔术队</span><span style=\"color: rgb(51, 51, 51); font-family: arial, 宋体, sans-serif; font-size: 14px; line-height: 24px; text-indent: 28px; background-color: rgb(255, 255, 255);\">，詹姆斯拿下34分，布泽尔也有18分19板入账。</span></p><p><img class=\"\" alt=\"主场因“皇帝”而爆满\" src=\"/PHPdemo_practice_byself/jerise-nba/public/index/images/new/20150515/1431675127823628.jpg\" style=\"border: 0px; display: block; margin: 0px auto; width: 220px; height: 165px; float: right;\"/></p><p style=\"text-indent: 2em;\"><span style=\"color: rgb(51, 51, 51); font-family: arial, 宋体, sans-serif; font-size: 14px; line-height: 24px; text-indent: 28px; background-color: rgb(255, 255, 255);\">3月27日，詹姆斯在战胜新泽西网的比赛中拿到了41分和13个助攻创下个人新高，也成为NBA有史以来获得40分的最年轻球员（19岁87天）。但在争夺东部季后赛席位的过程中骑士却忽然熄火，以一场之差落后于凯尔特人无缘季后赛。然而，骑士从02-03赛季的17胜65负一跃变成了35胜47负，18场的进步是球队历史上的第二大提高。詹姆斯以场均20.9分5.5篮板5.9助攻的成绩拿下最佳新秀，布泽尔场均15.5分和11.4个篮板，41次拿下两双，成为球队94-95赛季以来第一个赛季场均两双的球员。</span></p><p style=\"text-indent: 2em;\"><span style=\"color: rgb(51, 51, 51); font-family: arial, 宋体, sans-serif; font-size: 14px; line-height: 24px; text-indent: 28px; background-color: rgb(255, 255, 255);\">04-05赛季：骑士在休赛期从费城76人队得到了埃里克·斯诺（Eric Snow）以及从奥兰多魔术得到了</span><span style=\"color: rgb(51, 51, 51); font-family: arial, 宋体, sans-serif; font-size: 14px; line-height: 24px; text-indent: 28px; background-color: rgb(255, 255, 255);\">德鲁·古登</span><span style=\"color: rgb(51, 51, 51); font-family: arial, 宋体, sans-serif; font-size: 14px; line-height: 24px; text-indent: 28px; background-color: rgb(255, 255, 255);\">，而布泽尔则转投爵士。在开局三连败后，11月9日詹姆斯和“大Z”伊尔戈斯卡斯在主场冈德球馆合力拿下52分17个篮板助骑士以93-79擒下老鹰赢得首胜。此后他们便一路凯歌，取得了9胜1负的成绩。詹姆斯两次当选了单周最佳球员并获得了当月的最佳球员称号。1月份詹姆斯成为NBA获得三双的最年轻球员，并再次成为月最佳。詹姆斯还成为骑士继肖恩·坎普之后第二个全明星赛上的首发。</span></p><p style=\"text-indent: 2em;\"><span style=\"color: rgb(51, 51, 51); font-family: arial, 宋体, sans-serif; font-size: 14px; line-height: 24px; text-indent: 28px; background-color: rgb(255, 255, 255);\">3月骑士的管理层发生了重大变化。经30位NBA老板表决，速贷公司（Quicken Loans Inc）的创始人，总裁丹·吉尔伯特（Dan Gilbert）收购球队获得通过，成为骑士历史上的第四任老板，小股东包括大卫·卡茨曼（David Katzman）和知名歌手亚瑟小子（Usher Raymond IV）等人。骑士的原老板戈登·冈德保留了少数股份。詹姆斯在输给猛龙的比赛中砍下生涯新高56分。随后骑士辞退了保罗·西拉斯并把助理教练布兰登·马龙（Brendan Malone）扶上了正位。西拉斯在骑士的期间取得了69胜77负（47.3%）的成绩。马龙上任第二天就取得开门红，在主场以91-76大胜卫冕冠军底特律活塞队。</span></p><p style=\"text-indent: 2em;\"><span style=\"color: rgb(51, 51, 51); font-family: arial, 宋体, sans-serif; font-size: 14px; line-height: 24px; text-indent: 28px; background-color: rgb(255, 255, 255);\">05-06赛季：骑士队有了新的总经理丹尼-费里，新的主教练</span><span style=\"color: rgb(51, 51, 51); font-family: arial, 宋体, sans-serif; font-size: 14px; line-height: 24px; text-indent: 28px; background-color: rgb(255, 255, 255);\">迈克·布朗</span><span style=\"color: rgb(51, 51, 51); font-family: arial, 宋体, sans-serif; font-size: 14px; line-height: 24px; text-indent: 28px; background-color: rgb(255, 255, 255);\">（Mike Brown），还签下了自由球员拉里·休斯（Larry Hughes）、唐耶尔·马绍尔（Donyell Marshall）以及达蒙·琼斯（Damon Jones），球队渐入佳境。21岁的詹姆斯持续进步，以31.4分的场均得分排名联盟第三，并在休斯顿成为获得全明星赛MVP最年轻的球员，他独得29分率东部队以122-120击败西部队。</span><span style=\"color: rgb(51, 51, 51); font-family: arial, 宋体, sans-serif; font-size: 14px; line-height: 24px; text-indent: 28px; background-color: rgb(255, 255, 255);\">全明星</span><span style=\"color: rgb(51, 51, 51); font-family: arial, 宋体, sans-serif; font-size: 14px; line-height: 24px; text-indent: 28px; background-color: rgb(255, 255, 255);\">赛之后骑士继续强势发挥，最终以50胜32负的良好成绩位列分区第二。</span></p><p style=\"text-indent: 2em;\"><span style=\"color: rgb(51, 51, 51); font-family: arial, 宋体, sans-serif; font-size: 14px; line-height: 24px; text-indent: 28px; background-color: rgb(255, 255, 255);\">季后赛骑士的首轮对手是</span><span style=\"color: rgb(51, 51, 51); font-family: arial, 宋体, sans-serif; font-size: 14px; line-height: 24px; text-indent: 28px; background-color: rgb(255, 255, 255);\">华盛顿奇才队</span><span style=\"color: rgb(51, 51, 51); font-family: arial, 宋体, sans-serif; font-size: 14px; line-height: 24px; text-indent: 28px; background-color: rgb(255, 255, 255);\">，在速贷球馆双方各胜一场。转战华盛顿之后，勒布朗-詹姆斯星光闪耀，以全场41分，包括在终场前5.7秒投中制胜一球为球队取得了97-96的胜利。第四场失利后，重回克利夫兰的第五场，詹姆斯拿下45分，在加时赛最后0.9秒再次投中制胜球，率队121-120取胜。第六场比赛又一次杀入加时，詹姆斯拿到32分，这一次达蒙-琼斯扮演英雄助骑士114-113险胜，13年来第一次赢得季后赛系列赛。</span></p><p style=\"text-indent: 2em;\"><span style=\"color: rgb(51, 51, 51); font-family: arial, 宋体, sans-serif; font-size: 14px; line-height: 24px; text-indent: 28px; background-color: rgb(255, 255, 255);\">第二轮面对东区头号种子</span><span style=\"color: rgb(51, 51, 51); font-family: arial, 宋体, sans-serif; font-size: 14px; line-height: 24px; text-indent: 28px; background-color: rgb(255, 255, 255);\">底特律活塞队</span><span style=\"color: rgb(51, 51, 51); font-family: arial, 宋体, sans-serif; font-size: 14px; line-height: 24px; text-indent: 28px; background-color: rgb(255, 255, 255);\">，骑士客场前两战全部败北。不过系列赛来到克利夫兰后，勒布朗·詹姆斯也恢复了超人模式，助骑士主场两连胜。第五场的勒布朗·詹姆斯持续火热，砍下32分帮球队以86-84作客取胜，以3-2领先。然而还是被有总冠军经验的活塞给扳平了，并在第七场以61-79惨败出局。尽管结局让人心碎，但续约</span><span style=\"color: rgb(51, 51, 51); font-family: arial, 宋体, sans-serif; font-size: 14px; line-height: 24px; text-indent: 28px; background-color: rgb(255, 255, 255);\">勒布朗-詹姆斯</span><span style=\"color: rgb(51, 51, 51); font-family: arial, 宋体, sans-serif; font-size: 14px; line-height: 24px; text-indent: 28px; background-color: rgb(255, 255, 255);\">让他效力到2010年之后，球队的前途注定会很光明。</span></p><h3 class=\"headline-2\" style=\"margin: 20px 0px 12px; padding: 0px; font-size: 18px; font-family: &#39;Microsoft YaHei&#39;, SimHei, Verdana; line-height: 19px; clear: both; font-weight: 500; white-space: normal; background-color: rgb(255, 255, 255);\"><span class=\"headline-content\">2006-2007：勒布朗上演季后赛经典</span></h3><p style=\"text-indent: 2em;\"><span style=\"color: rgb(51, 51, 51); font-family: arial, 宋体, sans-serif; font-size: 14px; line-height: 24px; text-indent: 28px; background-color: rgb(255, 255, 255);\">06-07赛季：尽管勒布朗-詹姆斯的得分没有上赛季高，他们依然在整个赛季中保持了自己重要竞争者的身份，以50胜32负的优良战绩排名分区第二，比第一名少了三个胜场。</span></p><p style=\"text-indent: 2em;\"><span style=\"color: rgb(51, 51, 51); font-family: arial, 宋体, sans-serif; font-size: 14px; line-height: 24px; text-indent: 28px; background-color: rgb(255, 255, 255);\">季后赛第一轮骑士队再次遇上了华盛顿奇才队，这回骑士轻松地直落四局，横扫缺少两名大将的对手。第二轮骑士面对新泽西篮网队，网队过去几年曾给他们制造了不少麻烦，不过，勒布朗·詹姆斯继续他强势的季后赛发挥，骑士以4-2淘汰篮网队杀入东部决赛，再会底特律活塞。</span></p><p style=\"text-indent: 2em;\"><span style=\"color: rgb(51, 51, 51); font-family: arial, 宋体, sans-serif; font-size: 14px; line-height: 24px; text-indent: 28px; background-color: rgb(255, 255, 255);\">东部决赛骑士队开局艰难，在底特律的两战都以76-79失利。回到克利夫兰后，勒布朗·詹姆斯接管比赛，30分9篮板9助攻拿下88-82的胜局。两天后的他更加英勇，第四节拿下个人全场25分中的13分，骑士91-87再胜，扳平了总比分。第五场是勒布朗·詹姆斯的经典战役，他包办了球队的最后25分，帮球队以109-107赢下一场激动人心的双加时大战。第六场，其他球员站了出来，丹尼尔·吉布森拿下生涯最高的31分，带领骑士98-82主场取胜，晋级总决赛。</span></p><p style=\"text-indent: 2em;\"><span style=\"color: rgb(51, 51, 51); font-family: arial, 宋体, sans-serif; font-size: 14px; line-height: 24px; text-indent: 28px; background-color: rgb(255, 255, 255);\">总决赛中弱势一方的骑士面对三届总冠军得主圣安东尼奥马刺队。骑士缺乏经验的缺点暴露无遗，带着0-2的总比分回到主场。这一回主场优势帮不上忙了，他们受困于马刺窒息性的防守，72-75主场输球，还创造了自引入24秒计时器以来总决赛的单场最低总分纪录。第四场骑士队在末节打出的大反击以一分之差未能成功，以82-83被马刺横扫。</span></p><p style=\"text-indent: 2em;\"><span style=\"color: rgb(51, 51, 51); font-family: arial, 宋体, sans-serif; font-size: 14px; line-height: 24px; text-indent: 28px; background-color: rgb(255, 255, 255);\"></span></p><h3 class=\"headline-2\" style=\"margin: 20px 0px 12px; padding: 0px; font-size: 18px; font-family: &#39;Microsoft YaHei&#39;, SimHei, Verdana; line-height: 19px; clear: both; font-weight: 500; white-space: normal; background-color: rgb(255, 255, 255);\"><span class=\"headline-content\">2007-2009：剑指冠军却每每功亏一篑</span></h3><p style=\"text-indent: 2em;\"><span style=\"color: rgb(51, 51, 51); font-family: arial, 宋体, sans-serif; font-size: 14px; line-height: 24px; text-indent: 28px; background-color: rgb(255, 255, 255);\">07-08赛季：骑士再次重建阵容，赛季中期与西雅图超音速队和芝加哥公牛队完成了一笔三方交易，球队得到了</span><span style=\"color: rgb(51, 51, 51); font-family: arial, 宋体, sans-serif; font-size: 14px; line-height: 24px; text-indent: 28px; background-color: rgb(255, 255, 255);\">本·华莱士</span><span style=\"color: rgb(51, 51, 51); font-family: arial, 宋体, sans-serif; font-size: 14px; line-height: 24px; text-indent: 28px; background-color: rgb(255, 255, 255);\">（已退役）、</span><span style=\"color: rgb(51, 51, 51); font-family: arial, 宋体, sans-serif; font-size: 14px; line-height: 24px; text-indent: 28px; background-color: rgb(255, 255, 255);\">乔·史密斯</span><span style=\"color: rgb(51, 51, 51); font-family: arial, 宋体, sans-serif; font-size: 14px; line-height: 24px; text-indent: 28px; background-color: rgb(255, 255, 255);\">、沃利·斯泽比亚克（Wally Szczerbiak)）和德隆特·韦斯特（Delonte West），而拉里·休斯、德鲁·古登、塞德里克·西蒙斯（Cedric Simmons）和</span><span style=\"color: rgb(51, 51, 51); font-family: arial, 宋体, sans-serif; font-size: 14px; line-height: 24px; text-indent: 28px; background-color: rgb(255, 255, 255);\">香农·布朗</span><span style=\"color: rgb(51, 51, 51); font-family: arial, 宋体, sans-serif; font-size: 14px; line-height: 24px; text-indent: 28px; background-color: rgb(255, 255, 255);\">（Shannon Brown）被送去公牛，伊拉-纽贝尔(Ira Newble)和唐耶尔-马绍尔被送到了超音速。新来的球员不时因无法适应新球队的体系而陷入困境。不过他们还是进入季后赛，成绩是45胜37负。</span></p><p style=\"text-indent: 2em;\"><span style=\"color: rgb(51, 51, 51); font-family: arial, 宋体, sans-serif; font-size: 14px; line-height: 24px; text-indent: 28px; background-color: rgb(255, 255, 255);\">季后赛第一轮，骑士连续第三年面对华盛顿奇才队。勒布朗-詹姆斯连续拿下30分，骑士先发制人，主场两胜奇才。第三场丑陋地以72-108输给对手后，骑士依靠德隆特·韦斯特在终场前5.4秒投中的制胜三分球在第四场100-94取胜，总比分3-1领先。第五场勒布朗·詹姆斯拿下34分，但却错失了终场前的一次投篮让球队以87-88惜败。第六场勒布朗-詹姆斯拿下三双，骑士105-88大获全胜闯进次轮。</span></p><p style=\"text-indent: 2em;\"><span style=\"color: rgb(51, 51, 51); font-family: arial, 宋体, sans-serif; font-size: 14px; line-height: 24px; text-indent: 28px; background-color: rgb(255, 255, 255);\">第二轮，骑士遇到了波士顿凯尔特人队。首战勒布朗-詹姆斯被限制到只有12分，球队72-76难看地输球。第二场73-89再输之后，骑士在主场的第三场找回得分感觉以108-84取胜。第四场骑士主场88-77将大比分扳平。第五场骑士在客场依旧磕磕绊绊，勒布朗拿下35分无济于事，89-96再次输球。回到主场后，勒布朗·詹姆斯32分12篮板领衔全队，将比赛逼入第七场决战。第七战勒布朗-詹姆斯做到了他能做的一切试图帮助骑士重返东部决赛，不过他的45分不足以赢球，凯尔特人97-92拿下系列赛，并最终拿到了总冠军。</span></p><p style=\"text-indent: 2em;\"><span style=\"color: rgb(51, 51, 51); font-family: arial, 宋体, sans-serif; font-size: 14px; line-height: 24px; text-indent: 28px; background-color: rgb(255, 255, 255);\">08-09赛季：骑士开季表现依然强势，领跑东部联盟，还曾单月仅输一场，最终以队史最佳的66胜16负结束赛季，赢得了季后赛全部的主场优势——常规赛他们的主场战绩是39胜2负。迈克-布朗被选为最佳教练，勒布朗·詹姆斯赢得了他自己的第一座最有价值球员奖杯，成为NBA历史上第四位在一个赛季中五项主要技术指标上都领先全队的球员（总得分、总篮板、总助攻、总抢断、总封盖）。</span></p><p style=\"text-indent: 2em;\"><span style=\"color: rgb(51, 51, 51); font-family: arial, 宋体, sans-serif; font-size: 14px; line-height: 24px; text-indent: 28px; background-color: rgb(255, 255, 255);\">季后赛第一轮骑士以4-0横扫底特律活塞，4场比赛分差最小时</span></p><p><img class=\"\" alt=\"骑士季后赛忐忑的道路\" src=\"/PHPdemo_practice_byself/jerise-nba/public/index/images/new/20150515/1431675261127029.jpg\" style=\"border: 0px; display: block; margin: 0px auto; width: 176px; height: 220px; float: right;\"/></p><p style=\"text-indent: 2em;\"><span style=\"color: rgb(51, 51, 51); font-family: arial, 宋体, sans-serif; font-size: 14px; line-height: 24px; text-indent: 28px; background-color: rgb(255, 255, 255);\">也有11分。第二轮面对亚特兰大鹰队，骑士迅速以三场15分以上的大胜拿下3-0的系列赛优势，并以一场84-74完成横扫，三年内第二次杀入东部决赛。这次他们面对奥兰多</span><span style=\"color: rgb(51, 51, 51); font-family: arial, 宋体, sans-serif; font-size: 14px; line-height: 24px; text-indent: 28px; background-color: rgb(255, 255, 255);\">魔术</span><span style=\"color: rgb(51, 51, 51); font-family: arial, 宋体, sans-serif; font-size: 14px; line-height: 24px; text-indent: 28px; background-color: rgb(255, 255, 255);\">队，上半场领先的骑士在下半场受制于魔术的团结奋战，</span><span style=\"color: rgb(51, 51, 51); font-family: arial, 宋体, sans-serif; font-size: 14px; line-height: 24px; text-indent: 28px; background-color: rgb(255, 255, 255);\">拉沙德·刘易斯</span><span style=\"color: rgb(51, 51, 51); font-family: arial, 宋体, sans-serif; font-size: 14px; line-height: 24px; text-indent: 28px; background-color: rgb(255, 255, 255);\">（自由球员）终场前14秒的三分球帮魔术以107-106拿下胜利，震惊了骑士。第二场骑士再次早早领先，却又在第四节被魔术反超，幸好勒布朗·詹姆斯面对</span><span style=\"color: rgb(51, 51, 51); font-family: arial, 宋体, sans-serif; font-size: 14px; line-height: 24px; text-indent: 28px; background-color: rgb(255, 255, 255);\">希度·特克格鲁</span><span style=\"color: rgb(51, 51, 51); font-family: arial, 宋体, sans-serif; font-size: 14px; line-height: 24px; text-indent: 28px; background-color: rgb(255, 255, 255);\">（已转会快船）投中压哨三分，为骑士96-95赢得比赛追平总比分。回到奥兰多之后，魔术在第三场以99-89继续让骑士遭遇挫折。第四场勒布朗得到了44分，但他在加时赛压哨投出的三分球弹筐而出，魔术116-114获胜，赢得了3-1的优势。骑士第五场捍卫了主场，112-102取胜，但魔术第六场103-90主场获胜，终结了骑士的赛季。</span></p><p style=\"text-indent: 2em;\"><br/></p><h3 class=\"headline-2\" style=\"margin: 20px 0px 12px; padding: 0px; font-size: 18px; font-family: &#39;Microsoft YaHei&#39;, SimHei, Verdana; line-height: 19px; clear: both; font-weight: 500; white-space: normal; background-color: rgb(255, 255, 255);\"><span class=\"headline-content\">2009-2010：詹姆斯在骑士的绝唱</span></h3><p style=\"text-indent: 2em;\"><span style=\"color: rgb(51, 51, 51); font-family: arial, 宋体, sans-serif; font-size: 14px; line-height: 24px; text-indent: 28px; background-color: rgb(255, 255, 255);\">09-10赛季：这个赛季骑士在令人惊讶的两连败开局后逐步走上正轨，“大鲨鱼”</span><span style=\"color: rgb(51, 51, 51); font-family: arial, 宋体, sans-serif; font-size: 14px; line-height: 24px; text-indent: 28px; background-color: rgb(255, 255, 255);\">沙奎尔·奥尼尔</span><span style=\"color: rgb(51, 51, 51); font-family: arial, 宋体, sans-serif; font-size: 14px; line-height: 24px; text-indent: 28px; background-color: rgb(255, 255, 255);\">的加盟让詹姆斯看到了新的希望，赛季中骑士又将</span><span style=\"color: rgb(51, 51, 51); font-family: arial, 宋体, sans-serif; font-size: 14px; line-height: 24px; text-indent: 28px; background-color: rgb(255, 255, 255);\">安托万·贾米森</span><span style=\"color: rgb(51, 51, 51); font-family: arial, 宋体, sans-serif; font-size: 14px; line-height: 24px; text-indent: 28px; background-color: rgb(255, 255, 255);\">带来辅助詹姆斯，所有人都觉得詹姆斯迎来夺得了他第一个冠军的最好机会。骑士在赛季结束前5场就提前锁定常规赛战绩第一，加之詹姆斯赛季场均29.7分7.3篮板8.6助攻的豪华数据也让詹姆斯蝉联了常规赛MVP的奖项。</span></p><p style=\"text-indent: 2em;\"><span style=\"color: rgb(51, 51, 51); font-family: arial, 宋体, sans-serif; font-size: 14px; line-height: 24px; text-indent: 28px; background-color: rgb(255, 255, 255);\">骑士季后赛首轮对手是上赛季季后赛大放异彩将凯尔特人逼入7场的公牛队，第一场比赛詹姆斯贡献全面数据，奥尼尔也有25分钟内砍下12分5篮板4助攻3盖帽的高效数据，助</span></p><p><img class=\"\" alt=\"奥尼尔最终没有帮助吾皇获取总冠军\" src=\"/PHPdemo_practice_byself/jerise-nba/public/index/images/new/20150515/1431675294366544.jpg\" style=\"border: 0px; display: block; margin: 0px auto; width: 220px; height: 148px; float: right;\"/></p><p style=\"text-indent: 2em;\"><span style=\"color: rgb(51, 51, 51); font-family: arial, 宋体, sans-serif; font-size: 14px; line-height: 24px; text-indent: 28px; background-color: rgb(255, 255, 255);\">球队以96-83主场退敌。第二场詹姆斯再次发威，全场砍下40分8篮板8助攻，更是在关键第四节独得15分，骑士再下一城。来到芝加哥，瓦莱乔最后时刻两罚一中让落后的骑士客场饮恨。剩下两场骑士没有再给公牛队机会，詹姆斯用37分12篮板11助攻和19分10篮板9助攻的表现带领骑士进入东部半决赛。</span></p><p style=\"text-indent: 2em;\"><span style=\"color: rgb(51, 51, 51); font-family: arial, 宋体, sans-serif; font-size: 14px; line-height: 24px; text-indent: 28px; background-color: rgb(255, 255, 255);\">东区半决赛对手是常规赛表现平平但季后赛发挥出色的</span><span style=\"color: rgb(51, 51, 51); font-family: arial, 宋体, sans-serif; font-size: 14px; line-height: 24px; text-indent: 28px; background-color: rgb(255, 255, 255);\">凯尔特人队</span><span style=\"color: rgb(51, 51, 51); font-family: arial, 宋体, sans-serif; font-size: 14px; line-height: 24px; text-indent: 28px; background-color: rgb(255, 255, 255);\">，首场比赛詹姆斯以贡献35分7篮板7助攻的豪华数据助球队赢得首胜。第二场凯尔特人全体发挥良好，从骑士主场夺走胜利。第三场詹姆斯用38分8篮板7助攻的表现带动骑士全队，以124-95客场屠敌。第四场凯尔特人新领袖朗多一人独取29分18篮板13助攻的大号三双，助凯尔特人主场退敌。第五场再次回到速贷中心，双方王牌球星朗多与詹姆斯都被严防死守，凯尔特人凭借“三巨头”合力发威以120-88大比分优势拿下这场关键比赛。再次作客</span><span style=\"color: rgb(51, 51, 51); font-family: arial, 宋体, sans-serif; font-size: 14px; line-height: 24px; text-indent: 28px; background-color: rgb(255, 255, 255);\">波士顿</span><span style=\"color: rgb(51, 51, 51); font-family: arial, 宋体, sans-serif; font-size: 14px; line-height: 24px; text-indent: 28px; background-color: rgb(255, 255, 255);\">TD花园，尽管詹姆斯全力拿下27分19篮板10助攻的全面数据，但是无奈凯尔特人整体发挥更强，令骑士结束季后赛之旅。</span></p><p style=\"text-indent: 2em;\"><span style=\"color: rgb(51, 51, 51); font-family: arial, 宋体, sans-serif; font-size: 14px; line-height: 24px; text-indent: 28px; background-color: rgb(255, 255, 255);\"></span></p><h3 class=\"headline-2\" style=\"margin: 20px 0px 12px; padding: 0px; font-size: 18px; font-family: &#39;Microsoft YaHei&#39;, SimHei, Verdana; line-height: 19px; clear: both; font-weight: 500; white-space: normal; background-color: rgb(255, 255, 255);\"><span class=\"headline-content\">2010-2012：新状元欧文</span></h3><p style=\"text-indent: 2em;\"><span style=\"color: rgb(51, 51, 51); font-family: arial, 宋体, sans-serif; font-size: 14px; line-height: 24px; text-indent: 28px; background-color: rgb(255, 255, 255);\">10-11赛季：2010年7月9日詹姆斯高调宣布加盟</span><span style=\"color: rgb(51, 51, 51); font-family: arial, 宋体, sans-serif; font-size: 14px; line-height: 24px; text-indent: 28px; background-color: rgb(255, 255, 255);\">迈阿密热火队</span><span style=\"color: rgb(51, 51, 51); font-family: arial, 宋体, sans-serif; font-size: 14px; line-height: 24px; text-indent: 28px; background-color: rgb(255, 255, 255);\">，但随着瓦莱乔和贾米森的先后受伤并赛季报销，骑士队开始兵败如山倒，更吞下耻辱的26连败。可以说该</span><span style=\"color: rgb(51, 51, 51); font-family: arial, 宋体, sans-serif; font-size: 14px; line-height: 24px; text-indent: 28px; background-color: rgb(255, 255, 255);\">赛季</span><span style=\"color: rgb(51, 51, 51); font-family: arial, 宋体, sans-serif; font-size: 14px; line-height: 24px; text-indent: 28px; background-color: rgb(255, 255, 255);\">骑士就两个主题，一是连续不断地输球，二是球迷们没完没了地诅咒詹姆斯。骑士队最终取得19胜63负排名联盟</span><span style=\"color: rgb(51, 51, 51); font-family: arial, 宋体, sans-serif; font-size: 14px; line-height: 24px; text-indent: 28px; background-color: rgb(255, 255, 255);\">倒数</span><span style=\"color: rgb(51, 51, 51); font-family: arial, 宋体, sans-serif; font-size: 14px; line-height: 24px; text-indent: 28px; background-color: rgb(255, 255, 255);\">第二。詹姆斯的新东家热火在总决赛中折戟沉沙令克利夫兰出了一口恶气。</span></p><p style=\"text-indent: 2em;\"><span style=\"color: rgb(51, 51, 51); font-family: arial, 宋体, sans-serif; font-size: 14px; line-height: 24px; text-indent: 28px; background-color: rgb(255, 255, 255);\">11-12赛季：2011年选秀大会，骑士队选到来自杜克大学的状元秀</span><span style=\"color: rgb(51, 51, 51); font-family: arial, 宋体, sans-serif; font-size: 14px; line-height: 24px; text-indent: 28px; background-color: rgb(255, 255, 255);\">凯里·欧文</span><span style=\"color: rgb(51, 51, 51); font-family: arial, 宋体, sans-serif; font-size: 14px; line-height: 24px; text-indent: 28px; background-color: rgb(255, 255, 255);\">（Kyrie Irving），加上第4顺位的新秀特里斯坦·汤普森（Tristan Thompson）的加盟，还有瓦莱乔和</span><span style=\"color: rgb(51, 51, 51); font-family: arial, 宋体, sans-serif; font-size: 14px; line-height: 24px; text-indent: 28px; background-color: rgb(255, 255, 255);\">贾米森</span><span style=\"color: rgb(51, 51, 51); font-family: arial, 宋体, sans-serif; font-size: 14px; line-height: 24px; text-indent: 28px; background-color: rgb(255, 255, 255);\">等人伤愈复出，骑士队未来变得光明。欧文与当年状元及第的詹姆斯不太一样，尽管他的天赋出众，但并不是“皇帝”那样的天之骄子，虽然低调但懂得用比赛说话的道理。欧文在处子赛季场均得到18.5分成为新秀里得分最高球员，并有5.4次助攻3.7个篮板1.1次抢断，他也成为联盟历史上第六个场</span></p><p><img class=\"\" alt=\"欧文\" src=\"/PHPdemo_practice_byself/jerise-nba/public/index/images/new/20150515/1431675390971657.jpg\" style=\"border: 0px; display: block; margin: 0px auto; width: 220px; height: 161px; float: right;\"/></p><p style=\"text-indent: 2em;\"><span style=\"color: rgb(51, 51, 51); font-family: arial, 宋体, sans-serif; font-size: 14px; line-height: 24px; text-indent: 28px; background-color: rgb(255, 255, 255);\">均最少“18分5次助攻1次抢断、同时命中率最少达到45%”的球员。欧文还在12月、1月、2月、3月连续当选东部最佳新秀。但骑士还是以21胜45负排名东部</span><span style=\"color: rgb(51, 51, 51); font-family: arial, 宋体, sans-serif; font-size: 14px; line-height: 24px; text-indent: 28px; background-color: rgb(255, 255, 255);\">倒数</span><span style=\"color: rgb(51, 51, 51); font-family: arial, 宋体, sans-serif; font-size: 14px; line-height: 24px; text-indent: 28px; background-color: rgb(255, 255, 255);\">第三，无缘</span><span style=\"color: rgb(51, 51, 51); font-family: arial, 宋体, sans-serif; font-size: 14px; line-height: 24px; text-indent: 28px; background-color: rgb(255, 255, 255);\">季后赛。</span><span style=\"color: rgb(51, 51, 51); font-family: arial, 宋体, sans-serif; font-size: 14px; line-height: 24px; text-indent: 28px; background-color: rgb(255, 255, 255);\">&nbsp;</span></p><p style=\"text-indent: 2em;\"><span style=\"color: rgb(51, 51, 51); font-family: arial, 宋体, sans-serif; font-size: 14px; line-height: 24px; text-indent: 28px; background-color: rgb(255, 255, 255);\">2013年01月29日，NBA官方公布了上周的东西部最佳球员，克利夫兰骑士的</span><span style=\"color: rgb(51, 51, 51); font-family: arial, 宋体, sans-serif; font-size: 14px; line-height: 24px; text-indent: 28px; background-color: rgb(255, 255, 255);\">凯里-欧文</span><span style=\"color: rgb(51, 51, 51); font-family: arial, 宋体, sans-serif; font-size: 14px; line-height: 24px; text-indent: 28px; background-color: rgb(255, 255, 255);\">当选。凭借着此次当选，欧文也成为了骑士继勒布朗-詹姆斯离开之后首位获得周最佳的球员。</span></p><p style=\"text-indent: 2em;\"><span style=\"color: rgb(51, 51, 51); font-family: arial, 宋体, sans-serif; font-size: 14px; line-height: 24px; text-indent: 28px; background-color: rgb(255, 255, 255);\">北京时间2014年04月nba常规赛结束，骑士队再次无缘NBA季候赛，自詹姆斯离开骑士队以后，骑士队连续4个赛季（2010-2011赛季，2011-2012赛季 ，2012-2013赛季，2013-2014赛季）无缘季后赛。</span></p><p><span style=\"color: rgb(51, 51, 51); font-family: arial, 宋体, sans-serif; font-size: 14px; line-height: 24px; text-indent: 28px; background-color: rgb(255, 255, 255);\"></span></p><h3 class=\"headline-2\" style=\"margin: 20px 0px 12px; padding: 0px; font-size: 18px; font-family: &#39;Microsoft YaHei&#39;, SimHei, Verdana; line-height: 19px; clear: both; font-weight: 500; white-space: normal; background-color: rgb(255, 255, 255);\"><span class=\"headline-content\">2014：詹姆斯回归、乐福加盟</span></h3><p style=\"text-indent: 2em;\"><span style=\"color: rgb(51, 51, 51); font-family: arial, 宋体, sans-serif; font-size: 14px; line-height: 24px; text-indent: 28px; background-color: rgb(255, 255, 255);\">北京时间2014年7月12日，</span><span style=\"color: rgb(51, 51, 51); font-family: arial, 宋体, sans-serif; font-size: 14px; line-height: 24px; text-indent: 28px; background-color: rgb(255, 255, 255);\">詹姆斯</span><span style=\"color: rgb(51, 51, 51); font-family: arial, 宋体, sans-serif; font-size: 14px; line-height: 24px; text-indent: 28px; background-color: rgb(255, 255, 255);\">告诉《体育画报》他将重返骑士。“我对俄亥俄州东北地区的感情，要甚于对篮球的感情，”在这篇以詹姆斯第一人称写就的文章中他说，“4年前我未能意识到这一点，如今意识到了。”</span></p><p style=\"text-indent: 2em;\"><span style=\"color: rgb(51, 51, 51); font-family: arial, 宋体, sans-serif; font-size: 14px; line-height: 24px; text-indent: 28px; background-color: rgb(255, 255, 255);\">而在詹姆斯此番做出决定几分钟后，吉尔伯特也发推写道：“欢迎詹姆斯回家。我为克利夫兰和俄亥俄州的球迷们和市民们而高兴。没有任何其他地方的人们，比他们更配得上胜利……”</span></p><p style=\"text-indent: 2em;\"><span style=\"color: rgb(51, 51, 51); font-family: arial, 宋体, sans-serif; font-size: 14px; line-height: 24px; text-indent: 28px; background-color: rgb(255, 255, 255);\">8月8日克利夫兰骑士队同明尼苏达</span><span style=\"color: rgb(51, 51, 51); font-family: arial, 宋体, sans-serif; font-size: 14px; line-height: 24px; text-indent: 28px; background-color: rgb(255, 255, 255);\">森林狼</span><span style=\"color: rgb(51, 51, 51); font-family: arial, 宋体, sans-serif; font-size: 14px; line-height: 24px; text-indent: 28px; background-color: rgb(255, 255, 255);\">达成了交易，</span><span style=\"color: rgb(51, 51, 51); font-family: arial, 宋体, sans-serif; font-size: 14px; line-height: 24px; text-indent: 28px; background-color: rgb(255, 255, 255);\">凯文·乐福</span><span style=\"color: rgb(51, 51, 51); font-family: arial, 宋体, sans-serif; font-size: 14px; line-height: 24px; text-indent: 28px; background-color: rgb(255, 255, 255);\">如愿加盟骑士，辅佐</span><span style=\"color: rgb(51, 51, 51); font-family: arial, 宋体, sans-serif; font-size: 14px; line-height: 24px; text-indent: 28px; background-color: rgb(255, 255, 255);\">詹姆斯</span><span style=\"color: rgb(51, 51, 51); font-family: arial, 宋体, sans-serif; font-size: 14px; line-height: 24px; text-indent: 28px; background-color: rgb(255, 255, 255);\">，而新科状元维金斯则和2013年的状元秀本内特一起，加盟森林狼。交易达成后，ESPN进行了数据分析，盛赞了骑士队今年夏天的一系列运作。</span></p><p style=\"text-indent: 2em;\"><span style=\"color: rgb(51, 51, 51); font-family: arial, 宋体, sans-serif; font-size: 14px; line-height: 24px; text-indent: 28px; background-color: rgb(255, 255, 255);\">乐福加盟，让骑士队组成了詹姆斯、乐福、欧文这样的全明星三巨头。他们三个人上个赛季的的赢球贡献值总数为36.9，联盟中有11支球队全队数据不如这三人组，而联盟中也没有任何一个三人组的赢球贡献值比这三人更高。</span></p><p><span style=\"color: rgb(51, 51, 51); font-family: arial, 宋体, sans-serif; font-size: 14px; line-height: 24px; text-indent: 28px; background-color: rgb(255, 255, 255);\"><br/></span><span style=\"font-family: &#39;Microsoft YaHei&#39;, SimHei, Verdana; font-size: 24px; line-height: 24px; color: rgb(255, 255, 255); background-color: rgb(0, 112, 192);\">&nbsp;3 </span><span style=\"font-family: &#39;Microsoft YaHei&#39;, SimHei, Verdana; font-size: 24px; line-height: 24px; background-color: rgb(255, 255, 255);\">退役球衣</span></p><p><br/></p><p><span style=\"color: rgb(51, 51, 51); font-family: arial, 宋体, sans-serif; font-size: 14px; line-height: 24px; text-indent: 28px; background-color: rgb(255, 255, 255);\">（7）宾格·史密斯（Bingo Smith）</span></p><p><span style=\"color: rgb(51, 51, 51); font-family: arial, 宋体, sans-serif; font-size: 14px; line-height: 24px; text-indent: 28px; background-color: rgb(255, 255, 255);\">（11）</span><span style=\"color: rgb(51, 51, 51); font-family: arial, 宋体, sans-serif; font-size: 14px; line-height: 24px; text-indent: 28px; background-color: rgb(255, 255, 255);\">扎伊德鲁纳斯·伊尔戈斯卡斯</span><span style=\"color: rgb(51, 51, 51); font-family: arial, 宋体, sans-serif; font-size: 14px; line-height: 24px; text-indent: 28px; background-color: rgb(255, 255, 255);\">(Zydrunas Ilgauskas)</span></p><p><span style=\"color: rgb(51, 51, 51); font-family: arial, 宋体, sans-serif; font-size: 14px; line-height: 24px; text-indent: 28px; background-color: rgb(255, 255, 255);\">（22）</span><span style=\"color: rgb(51, 51, 51); font-family: arial, 宋体, sans-serif; font-size: 14px; line-height: 24px; text-indent: 28px; background-color: rgb(255, 255, 255);\">拉里·南斯</span><span style=\"color: rgb(51, 51, 51); font-family: arial, 宋体, sans-serif; font-size: 14px; line-height: 24px; text-indent: 28px; background-color: rgb(255, 255, 255);\">（Larry Nance）</span></p><p><span style=\"color: rgb(51, 51, 51); font-family: arial, 宋体, sans-serif; font-size: 14px; line-height: 24px; text-indent: 28px; background-color: rgb(255, 255, 255);\">（25）</span><span style=\"color: rgb(51, 51, 51); font-family: arial, 宋体, sans-serif; font-size: 14px; line-height: 24px; text-indent: 28px; background-color: rgb(255, 255, 255);\">马克·普莱斯</span><span style=\"color: rgb(51, 51, 51); font-family: arial, 宋体, sans-serif; font-size: 14px; line-height: 24px; text-indent: 28px; background-color: rgb(255, 255, 255);\">（Mark Price）</span></p><p><span style=\"color: rgb(51, 51, 51); font-family: arial, 宋体, sans-serif; font-size: 14px; line-height: 24px; text-indent: 28px; background-color: rgb(255, 255, 255);\">（34）奥斯汀·卡尔（Austin Carr）</span></p><p><span style=\"color: rgb(51, 51, 51); font-family: arial, 宋体, sans-serif; font-size: 14px; line-height: 24px; text-indent: 28px; background-color: rgb(255, 255, 255);\">（42）内特·湍梦德（Nate Thurmond）</span></p><p><span style=\"color: rgb(51, 51, 51); font-family: arial, 宋体, sans-serif; font-size: 14px; line-height: 24px; text-indent: 28px; background-color: rgb(255, 255, 255);\">（43）布拉德·多赫迪（Brad Daugherty）</span></p>', '1431675819', '克里夫兰骑士队');
INSERT INTO `temp_his` VALUES ('2', '<h1 class=\"title maintitle\" id=\"\" style=\"margin: 0px 0px 14px; padding: 0px; font-size: 34px; width: 700px; font-family: &#39;Microsoft YaHei&#39;, SimHei, Verdana; line-height: 34px; font-weight: 500; z-index: 0; position: relative; overflow: hidden; zoom: 1; clear: right; white-space: normal; background-color: rgb(255, 255, 255);\"><span class=\"lemmaTitleH1\" style=\"height: auto; padding: 0px 0px 5px; display: inline;\">洛杉矶湖人队</span></h1><p style=\"text-indent: 2em;\"><span style=\"color: rgb(51, 51, 51); font-family: arial, 宋体, sans-serif; font-size: 14px; line-height: 24px; text-indent: 28px; background-color: rgb(255, 255, 255);\">洛杉矶湖人队（L.A. Lakers）是一只位于</span>美国加利福尼亚州洛杉矶<span style=\"color: rgb(51, 51, 51); font-family: arial, 宋体, sans-serif; font-size: 14px; line-height: 24px; text-indent: 28px; background-color: rgb(255, 255, 255);\">的篮球俱乐部，原来属于</span>明尼阿波利斯<span style=\"color: rgb(51, 51, 51); font-family: arial, 宋体, sans-serif; font-size: 14px; line-height: 24px; text-indent: 28px; background-color: rgb(255, 255, 255);\">，1960年搬迁到了洛杉矶。1948年，湖人队成立并加入</span>NBA<span style=\"color: rgb(51, 51, 51); font-family: arial, 宋体, sans-serif; font-size: 14px; line-height: 24px; text-indent: 28px; background-color: rgb(255, 255, 255);\">。</span></p><p><span style=\"color: rgb(51, 51, 51); font-family: arial, 宋体, sans-serif; font-size: 14px; line-height: 24px; text-indent: 28px; background-color: rgb(255, 255, 255);\"></span></p><p style=\"text-indent: 2em;\"><span style=\"color: rgb(51, 51, 51); font-family: arial, 宋体, sans-serif; font-size: 14px; line-height: 24px; text-indent: 28px; background-color: rgb(255, 255, 255);\">洛杉矶湖人队是NBA历史上为数不多的常青树之一。截止2014-15赛季，湖人队史共56次进入季后赛、31次获得西部冠军、16次夺冠，仅次于</span><span style=\"color: rgb(51, 51, 51); font-family: arial, 宋体, sans-serif; font-size: 14px; line-height: 24px; text-indent: 28px; background-color: rgb(255, 255, 255);\">波士顿凯尔特人队</span><span style=\"color: rgb(51, 51, 51); font-family: arial, 宋体, sans-serif; font-size: 14px; line-height: 24px; text-indent: 28px; background-color: rgb(255, 255, 255);\">；最高连胜纪录为33场（NBA历史最高）。</span></p><p style=\"text-indent: 2em;\"><span style=\"color: rgb(51, 51, 51); font-family: arial, 宋体, sans-serif; font-size: 14px; line-height: 24px; text-indent: 28px; background-color: rgb(255, 255, 255);\">湖人队的最大特点是总有超级中锋跟他们联系在一起，包括</span><span style=\"color: rgb(51, 51, 51); font-family: arial, 宋体, sans-serif; font-size: 14px; line-height: 24px; text-indent: 28px; background-color: rgb(255, 255, 255);\">乔治·迈肯</span><span style=\"color: rgb(51, 51, 51); font-family: arial, 宋体, sans-serif; font-size: 14px; line-height: 24px; text-indent: 28px; background-color: rgb(255, 255, 255);\">、</span><span style=\"color: rgb(51, 51, 51); font-family: arial, 宋体, sans-serif; font-size: 14px; line-height: 24px; text-indent: 28px; background-color: rgb(255, 255, 255);\">威尔特·张伯伦</span><span style=\"color: rgb(51, 51, 51); font-family: arial, 宋体, sans-serif; font-size: 14px; line-height: 24px; text-indent: 28px; background-color: rgb(255, 255, 255);\">、</span><span style=\"color: rgb(51, 51, 51); font-family: arial, 宋体, sans-serif; font-size: 14px; line-height: 24px; text-indent: 28px; background-color: rgb(255, 255, 255);\">卡里姆·阿布杜尔·贾巴尔</span><span style=\"color: rgb(51, 51, 51); font-family: arial, 宋体, sans-serif; font-size: 14px; line-height: 24px; text-indent: 28px; background-color: rgb(255, 255, 255);\">、</span><span style=\"color: rgb(51, 51, 51); font-family: arial, 宋体, sans-serif; font-size: 14px; line-height: 24px; text-indent: 28px; background-color: rgb(255, 255, 255);\">沙奎尔·奥尼尔</span><span style=\"color: rgb(51, 51, 51); font-family: arial, 宋体, sans-serif; font-size: 14px; line-height: 24px; text-indent: 28px; background-color: rgb(255, 255, 255);\">。</span></p><p style=\"text-align:center\"><span style=\"color: rgb(51, 51, 51); font-family: arial, 宋体, sans-serif; font-size: 14px; line-height: 24px; text-indent: 28px; background-color: rgb(255, 255, 255);\"><embed type=\"application/x-shockwave-flash\" class=\"edui-faked-video\" pluginspage=\"http://www.macromedia.com/go/getflashplayer\" src=\"http://player.youku.com/player.php/sid/XNDQzNzg2NTQw/v.swf\" width=\"860\" height=\"524\" wmode=\"transparent\" play=\"true\" loop=\"false\" menu=\"false\" allowscriptaccess=\"never\" allowfullscreen=\"true\"/></span></p><p style=\"text-indent: 2em;\"><span style=\"color: rgb(51, 51, 51); font-family: arial, 宋体, sans-serif; font-size: 14px; line-height: 24px; text-indent: 28px; background-color: rgb(255, 255, 255);\"><br/></span></p><p><span style=\"color: rgb(255, 255, 255); font-family: &#39;Microsoft YaHei&#39;, SimHei, Verdana; font-size: 24px; line-height: 24px; text-indent: 28px; background-color: rgb(0, 112, 192);\">&nbsp;1&nbsp;</span><span style=\"color: rgb(51, 51, 51); font-family: &#39;Microsoft YaHei&#39;, SimHei, Verdana; font-size: 24px; line-height: 24px; text-indent: 28px; background-color: rgb(255, 255, 255);\">球队历史</span><br/></p><p><br/></p><h3 class=\"headline-2\" style=\"margin: 20px 0px 12px; padding: 0px; font-size: 18px; font-family: &#39;Microsoft YaHei&#39;, SimHei, Verdana; line-height: 19px; clear: both; font-weight: 500; white-space: normal; background-color: rgb(255, 255, 255);\"><span class=\"headline-content\">早期</span></h3><p style=\"text-indent: 2em;\"><span style=\"color: rgb(51, 51, 51); font-family: arial, 宋体, sans-serif; font-size: 14px; line-height: 24px; text-indent: 28px; background-color: rgb(255, 255, 255);\">1948年加盟NBA时，湖人队还在明尼阿波利斯。于1960年搬迁到了洛杉矶。进入NBA的第一年，湖人队就夺得NBA的总冠军，</span><span style=\"color: rgb(51, 51, 51); font-family: arial, 宋体, sans-serif; font-size: 14px; line-height: 24px; text-indent: 28px; background-color: rgb(255, 255, 255);\">乔治·麦肯</span><span style=\"color: rgb(51, 51, 51); font-family: arial, 宋体, sans-serif; font-size: 14px; line-height: 24px; text-indent: 28px; background-color: rgb(255, 255, 255);\">是球队主力。身高2.08米的麦肯在禁区内无人能敌。1951-1952赛季，NBA甚至为了限制他的得分而加宽了</span><span style=\"color: rgb(51, 51, 51); font-family: arial, 宋体, sans-serif; font-size: 14px; line-height: 24px; text-indent: 28px; background-color: rgb(255, 255, 255);\">三秒区</span><span style=\"color: rgb(51, 51, 51); font-family: arial, 宋体, sans-serif; font-size: 14px; line-height: 24px; text-indent: 28px; background-color: rgb(255, 255, 255);\">，从原来的6</span><span style=\"color: rgb(51, 51, 51); font-family: arial, 宋体, sans-serif; font-size: 14px; line-height: 24px; text-indent: 28px; background-color: rgb(255, 255, 255);\">英尺</span><span style=\"color: rgb(51, 51, 51); font-family: arial, 宋体, sans-serif; font-size: 14px; line-height: 24px; text-indent: 28px; background-color: rgb(255, 255, 255);\">扩至12英尺。<img src=\"/PHPdemo_practice_byself/jerise-nba/public/index/images/new/20150515/1431679104198161.jpg\" alt=\"乔治-麦肯\" style=\"float: right; width: 176px; height: 220px;\" width=\"176\" height=\"220\" border=\"0\" vspace=\"0\" title=\"乔治-麦肯\"/></span></p><p style=\"text-indent: 2em;\"><span style=\"color: rgb(51, 51, 51); font-family: arial, 宋体, sans-serif; font-size: 14px; line-height: 24px; text-indent: 28px; background-color: rgb(255, 255, 255);\">1948年，湖人队跳槽至NBA的前身</span><span style=\"color: rgb(51, 51, 51); font-family: arial, 宋体, sans-serif; font-size: 14px; line-height: 24px; text-indent: 28px; background-color: rgb(255, 255, 255);\">ABA</span><span style=\"color: rgb(51, 51, 51); font-family: arial, 宋体, sans-serif; font-size: 14px; line-height: 24px; text-indent: 28px; background-color: rgb(255, 255, 255);\">。1949年湖人队打败华盛顿国会队，夺得BAA总冠军。该赛季结束后，BAA与NBL合并成NBA，湖人队夺得了改称NBA后的第一个总冠军。但1950-1951赛季，湖人队却以1比3不敌罗切斯特皇家队，错失三连冠的机会。1951-1954年，湖人队夺得NBA历史上第一个三连冠。但此后湖人开始走下坡路。1954年到1982年，他们只有两次折桂（1972年、1980年）。</span></p><p style=\"text-indent: 2em;\"><span style=\"color: rgb(51, 51, 51); font-family: arial, 宋体, sans-serif; font-size: 14px; line-height: 24px; text-indent: 28px; background-color: rgb(255, 255, 255);\">1971-72赛季，湖人队创造了33连胜的NBA历史记录。</span></p><p><br/></p><p style=\"text-indent: 2em;\"><span style=\"color: rgb(51, 51, 51); font-family: arial, 宋体, sans-serif; font-size: 14px; line-height: 24px; text-indent: 28px; background-color: rgb(255, 255, 255);\">1979年，湖人选中</span><span style=\"color: rgb(51, 51, 51); font-family: arial, 宋体, sans-serif; font-size: 14px; line-height: 24px; text-indent: 28px; background-color: rgb(255, 255, 255);\">埃尔文·约翰逊</span><span style=\"color: rgb(51, 51, 51); font-family: arial, 宋体, sans-serif; font-size: 14px; line-height: 24px; text-indent: 28px; background-color: rgb(255, 255, 255);\">。1998年，在总决赛第6场比赛中，湖人当家中锋贾巴尔受伤，20岁的约翰逊挺身而出，由</span><span style=\"color: rgb(51, 51, 51); font-family: arial, 宋体, sans-serif; font-size: 14px; line-height: 24px; text-indent: 28px; background-color: rgb(255, 255, 255);\">后卫</span><span style=\"color: rgb(51, 51, 51); font-family: arial, 宋体, sans-serif; font-size: 14px; line-height: 24px; text-indent: 28px; background-color: rgb(255, 255, 255);\">改打</span><span style=\"color: rgb(51, 51, 51); font-family: arial, 宋体, sans-serif; font-size: 14px; line-height: 24px; text-indent: 28px; background-color: rgb(255, 255, 255);\">中锋</span><span style=\"color: rgb(51, 51, 51); font-family: arial, 宋体, sans-serif; font-size: 14px; line-height: 24px; text-indent: 28px; background-color: rgb(255, 255, 255);\">，并且打出了42分15篮板7助攻的全面数据，帮助湖人夺得总冠军并获得</span><span style=\"color: rgb(51, 51, 51); font-family: arial, 宋体, sans-serif; font-size: 14px; line-height: 24px; text-indent: 28px; background-color: rgb(255, 255, 255);\">FMVP</span><span style=\"color: rgb(51, 51, 51); font-family: arial, 宋体, sans-serif; font-size: 14px; line-height: 24px; text-indent: 28px; background-color: rgb(255, 255, 255);\">。1980-81赛季，约翰逊受伤，湖人在季后赛第一轮被淘汰。</span></p><p style=\"text-indent: 2em;\"><span style=\"color: rgb(51, 51, 51); font-family: arial, 宋体, sans-serif; font-size: 14px; line-height: 24px; text-indent: 28px; background-color: rgb(255, 255, 255);\">1981年，</span><span style=\"color: rgb(51, 51, 51); font-family: arial, 宋体, sans-serif; font-size: 14px; line-height: 24px; text-indent: 28px; background-color: rgb(255, 255, 255);\">帕特·莱利</span><span style=\"color: rgb(51, 51, 51); font-family: arial, 宋体, sans-serif; font-size: 14px; line-height: 24px; text-indent: 28px; background-color: rgb(255, 255, 255);\">成为湖人队的主教练，他在此后的9年间为湖人夺得4个总冠军。</span></p><p style=\"text-indent: 2em;\"><span style=\"color: rgb(51, 51, 51); font-family: arial, 宋体, sans-serif; font-size: 14px; line-height: 24px; text-indent: 28px; background-color: rgb(255, 255, 255);\">1990年，莱利挂印而去。此后湖人虽然经常出入于</span><span style=\"color: rgb(51, 51, 51); font-family: arial, 宋体, sans-serif; font-size: 14px; line-height: 24px; text-indent: 28px; background-color: rgb(255, 255, 255);\">季后赛</span><span style=\"color: rgb(51, 51, 51); font-family: arial, 宋体, sans-serif; font-size: 14px; line-height: 24px; text-indent: 28px; background-color: rgb(255, 255, 255);\">，但总是与总冠军失之交臂，直到2000年才再次夺冠。<img src=\"/PHPdemo_practice_byself/jerise-nba/public/index/images/new/20150515/1431679105454544.jpg\" alt=\"魔术师约翰逊\" style=\"float: right; width: 154px; height: 220px;\" width=\"154\" height=\"220\" border=\"0\" vspace=\"0\" title=\"魔术师约翰逊\"/></span></p><p><span style=\"color: rgb(51, 51, 51); font-family: &#39;Microsoft YaHei&#39;, SimHei, Verdana; font-size: 24px; line-height: 24px; text-indent: 28px; background-color: rgb(255, 255, 255);\"><br/></span></p><h3 class=\"headline-2\" style=\"margin: 20px 0px 12px; padding: 0px; font-size: 18px; font-family: &#39;Microsoft YaHei&#39;, SimHei, Verdana; line-height: 19px; clear: both; font-weight: 500; white-space: normal; background-color: rgb(255, 255, 255);\"><span class=\"headline-content\">OK时期</span></h3><p style=\"text-indent: 2em;\"><span style=\"color: rgb(51, 51, 51); font-family: arial, 宋体, sans-serif; font-size: 14px; line-height: 24px; text-indent: 28px; background-color: rgb(255, 255, 255);\">1996年夏天，湖人签下自由球员奥尼尔，并以迪瓦茨和现金为筹码，</span></p><p><img class=\"\" alt=\"科比（左）、杰克逊（中）和奥尼尔（右）\" src=\"/PHPdemo_practice_byself/jerise-nba/public/index/images/new/20150515/1431679349631706.jpg\" style=\"border: 0px; display: block; margin: 0px auto; width: 214px; height: 220px; float: right;\"/></p><p style=\"text-indent: 2em;\"><span style=\"color: rgb(51, 51, 51); font-family: arial, 宋体, sans-serif; font-size: 14px; line-height: 24px; text-indent: 28px; background-color: rgb(255, 255, 255);\">与夏洛特黄蜂队交易，得到了当年的13顺位新秀</span><span style=\"color: rgb(51, 51, 51); font-family: arial, 宋体, sans-serif; font-size: 14px; line-height: 24px; text-indent: 28px; background-color: rgb(255, 255, 255);\">科比·布莱恩特</span><span style=\"color: rgb(51, 51, 51); font-family: arial, 宋体, sans-serif; font-size: 14px; line-height: 24px; text-indent: 28px; background-color: rgb(255, 255, 255);\">，组成“OK”组合。当赛季湖人常规赛取得56胜26负，排名西部第四，季后赛第二轮1:4不敌爵士被淘汰。</span></p><p style=\"text-indent: 2em;\"><span style=\"color: rgb(51, 51, 51); font-family: arial, 宋体, sans-serif; font-size: 14px; line-height: 24px; text-indent: 28px; background-color: rgb(255, 255, 255);\">1999-2000赛季，</span><span style=\"color: rgb(51, 51, 51); font-family: arial, 宋体, sans-serif; font-size: 14px; line-height: 24px; text-indent: 28px; background-color: rgb(255, 255, 255);\">菲尔·杰克逊</span><span style=\"color: rgb(51, 51, 51); font-family: arial, 宋体, sans-serif; font-size: 14px; line-height: 24px; text-indent: 28px; background-color: rgb(255, 255, 255);\">成为湖人主教练。</span><span style=\"color: rgb(51, 51, 51); font-family: arial, 宋体, sans-serif; font-size: 14px; line-height: 24px; text-indent: 28px; background-color: rgb(255, 255, 255);\">&nbsp;当赛季湖人队经过惊险的7场大战后淘汰</span><span style=\"color: rgb(51, 51, 51); font-family: arial, 宋体, sans-serif; font-size: 14px; line-height: 24px; text-indent: 28px; background-color: rgb(255, 255, 255);\">开拓者</span><span style=\"color: rgb(51, 51, 51); font-family: arial, 宋体, sans-serif; font-size: 14px; line-height: 24px; text-indent: 28px; background-color: rgb(255, 255, 255);\">，闯进总决赛。总决赛第七场比赛中，湖人队在第四节还落后13分，但是奥尼尔与科比联手砍下16分，湖人反败为胜，夺得自1988年以来的第一个总冠军。</span></p><p style=\"text-indent: 2em;\"><span style=\"color: rgb(51, 51, 51); font-family: arial, 宋体, sans-serif; font-size: 14px; line-height: 24px; text-indent: 28px; background-color: rgb(255, 255, 255);\">2000-01赛季，湖人在季后赛势不可挡，取得11连胜。虽然连胜纪录在总决赛的第一场被终结，但是湖人随后连下4城，总比分4比1战胜76人，以季后赛15胜1负的骄人战绩夺得两连冠。奥尼尔在总决赛中平均每场得33分15.8个篮板，成为总决赛MVP。</span></p><p style=\"text-indent: 2em;\"><span style=\"color: rgb(51, 51, 51); font-family: arial, 宋体, sans-serif; font-size: 14px; line-height: 24px; text-indent: 28px; background-color: rgb(255, 255, 255);\">2001-02赛季，湖人队在西部决赛中与国王队大战7场后才与网队会师。湖人队以4比0顺利击败了网队，夺得三连冠。奥尼尔在总决赛平均每场36.3分12.3个篮板，再次成为总决赛MVP。</span></p><p style=\"text-indent: 2em;\"><span style=\"color: rgb(51, 51, 51); font-family: arial, 宋体, sans-serif; font-size: 14px; line-height: 24px; text-indent: 28px; background-color: rgb(255, 255, 255);\">2002-03赛季，湖人在西部半决赛以2比4不敌马刺队，连冠纪录终结。</span></p><p style=\"text-indent: 2em;\"><span style=\"color: rgb(51, 51, 51); font-family: arial, 宋体, sans-serif; font-size: 14px; line-height: 24px; text-indent: 28px; background-color: rgb(255, 255, 255);\">2003-04赛季，在马龙自动以老将薪金加盟，并且用中产阶级特例签下佩顿后，湖人拥有了</span><span style=\"color: rgb(51, 51, 51); font-family: arial, 宋体, sans-serif; font-size: 14px; line-height: 24px; text-indent: 28px; background-color: rgb(255, 255, 255);\">马龙</span><span style=\"color: rgb(51, 51, 51); font-family: arial, 宋体, sans-serif; font-size: 14px; line-height: 24px; text-indent: 28px; background-color: rgb(255, 255, 255);\">、</span><span style=\"color: rgb(51, 51, 51); font-family: arial, 宋体, sans-serif; font-size: 14px; line-height: 24px; text-indent: 28px; background-color: rgb(255, 255, 255);\">佩顿</span><span style=\"color: rgb(51, 51, 51); font-family: arial, 宋体, sans-serif; font-size: 14px; line-height: 24px; text-indent: 28px; background-color: rgb(255, 255, 255);\">、</span><span style=\"color: rgb(51, 51, 51); font-family: arial, 宋体, sans-serif; font-size: 14px; line-height: 24px; text-indent: 28px; background-color: rgb(255, 255, 255);\">科比</span><span style=\"color: rgb(51, 51, 51); font-family: arial, 宋体, sans-serif; font-size: 14px; line-height: 24px; text-indent: 28px; background-color: rgb(255, 255, 255);\">和</span><span style=\"color: rgb(51, 51, 51); font-family: arial, 宋体, sans-serif; font-size: 14px; line-height: 24px; text-indent: 28px; background-color: rgb(255, 255, 255);\">奥尼尔</span><span style=\"color: rgb(51, 51, 51); font-family: arial, 宋体, sans-serif; font-size: 14px; line-height: 24px; text-indent: 28px; background-color: rgb(255, 255, 255);\">这4位巨星级别球员。尽管拥有这样一个强大的阵容，但由于科比和奥尼尔的矛盾激化，他们在总决赛中以1比4不敌底特律活塞。</span></p><p><span style=\"color: rgb(51, 51, 51); font-family: arial, 宋体, sans-serif; font-size: 14px; line-height: 24px; text-indent: 28px; background-color: rgb(255, 255, 255);\"></span></p><h3 class=\"headline-2\" style=\"margin: 20px 0px 12px; padding: 0px; font-size: 18px; font-family: &#39;Microsoft YaHei&#39;, SimHei, Verdana; line-height: 19px; clear: both; font-weight: 500; white-space: normal; background-color: rgb(255, 255, 255);\"><span class=\"headline-content\">短暂的低谷</span></h3><p style=\"text-indent: 2em;\"><span style=\"color: rgb(51, 51, 51); font-family: arial, 宋体, sans-serif; font-size: 14px; line-height: 24px; text-indent: 28px; background-color: rgb(255, 255, 255);\">2004-05赛季，由于队内矛盾激化，奥尼尔和科比注定有一个要离</span></p><p><img class=\"\" alt=\"title\" src=\"/PHPdemo_practice_byself/jerise-nba/public/index/images/new/20150515/1431679419947559.jpg\" style=\"border: 0px; display: block; margin: 0px auto; width: 220px; height: 220px; float: right;\"/></p><p style=\"text-indent: 2em;\"><span style=\"color: rgb(51, 51, 51); font-family: arial, 宋体, sans-serif; font-size: 14px; line-height: 24px; text-indent: 28px; background-color: rgb(255, 255, 255);\">开，湖人经过一个痛苦的选择，选择与科比续约，并围绕科比进行重建。菲尔·杰克逊在这年黯然离开球队，而奥尼尔则被交易到了</span><span style=\"color: rgb(51, 51, 51); font-family: arial, 宋体, sans-serif; font-size: 14px; line-height: 24px; text-indent: 28px; background-color: rgb(255, 255, 255);\">迈阿密热火</span><span style=\"color: rgb(51, 51, 51); font-family: arial, 宋体, sans-serif; font-size: 14px; line-height: 24px; text-indent: 28px; background-color: rgb(255, 255, 255);\">，换来了</span><span style=\"color: rgb(51, 51, 51); font-family: arial, 宋体, sans-serif; font-size: 14px; line-height: 24px; text-indent: 28px; background-color: rgb(255, 255, 255);\">拉玛尔·奥多姆</span><span style=\"color: rgb(51, 51, 51); font-family: arial, 宋体, sans-serif; font-size: 14px; line-height: 24px; text-indent: 28px; background-color: rgb(255, 255, 255);\">、</span><span style=\"color: rgb(51, 51, 51); font-family: arial, 宋体, sans-serif; font-size: 14px; line-height: 24px; text-indent: 28px; background-color: rgb(255, 255, 255);\">布莱恩·格兰特</span><span style=\"color: rgb(51, 51, 51); font-family: arial, 宋体, sans-serif; font-size: 14px; line-height: 24px; text-indent: 28px; background-color: rgb(255, 255, 255);\">以及</span><span style=\"color: rgb(51, 51, 51); font-family: arial, 宋体, sans-serif; font-size: 14px; line-height: 24px; text-indent: 28px; background-color: rgb(255, 255, 255);\">卡隆·巴特勒</span><span style=\"color: rgb(51, 51, 51); font-family: arial, 宋体, sans-serif; font-size: 14px; line-height: 24px; text-indent: 28px; background-color: rgb(255, 255, 255);\">。重建是一个漫长而痛苦的等待，在这个赛季，虽然科比等人拼尽全力，但仍然在最后关头功亏一篑，没能打进这个赛季的季后赛。</span></p><p style=\"text-indent: 2em;\"><span style=\"color: rgb(51, 51, 51); font-family: arial, 宋体, sans-serif; font-size: 14px; line-height: 24px; text-indent: 28px; background-color: rgb(255, 255, 255);\">2005-06赛季，科比创造了NBA历史单场第二高得分：81分</span><span style=\"color: rgb(51, 51, 51); font-family: arial, 宋体, sans-serif; font-size: 14px; line-height: 24px; text-indent: 28px; background-color: rgb(255, 255, 255);\">&nbsp;，而湖人做了一笔并不明智的交易，将</span><span style=\"color: rgb(51, 51, 51); font-family: arial, 宋体, sans-serif; font-size: 14px; line-height: 24px; text-indent: 28px; background-color: rgb(255, 255, 255);\">卡隆·巴特勒</span><span style=\"color: rgb(51, 51, 51); font-family: arial, 宋体, sans-serif; font-size: 14px; line-height: 24px; text-indent: 28px; background-color: rgb(255, 255, 255);\">交易去了奇才，换来了2001年的状元秀</span><span style=\"color: rgb(51, 51, 51); font-family: arial, 宋体, sans-serif; font-size: 14px; line-height: 24px; text-indent: 28px; background-color: rgb(255, 255, 255);\">夸梅·布朗</span><span style=\"color: rgb(51, 51, 51); font-family: arial, 宋体, sans-serif; font-size: 14px; line-height: 24px; text-indent: 28px; background-color: rgb(255, 255, 255);\">，意图增强内线。但是，布朗的到来并没有为湖人的内线带来太多的帮助。季后赛被</span><span style=\"color: rgb(51, 51, 51); font-family: arial, 宋体, sans-serif; font-size: 14px; line-height: 24px; text-indent: 28px; background-color: rgb(255, 255, 255);\">纳什</span><span style=\"color: rgb(51, 51, 51); font-family: arial, 宋体, sans-serif; font-size: 14px; line-height: 24px; text-indent: 28px; background-color: rgb(255, 255, 255);\">率领的</span><span style=\"color: rgb(51, 51, 51); font-family: arial, 宋体, sans-serif; font-size: 14px; line-height: 24px; text-indent: 28px; background-color: rgb(255, 255, 255);\">菲尼克斯太阳</span><span style=\"color: rgb(51, 51, 51); font-family: arial, 宋体, sans-serif; font-size: 14px; line-height: 24px; text-indent: 28px; background-color: rgb(255, 255, 255);\">淘汰，止步季后赛首轮。</span></p><p style=\"text-indent: 2em;\"><span style=\"color: rgb(51, 51, 51); font-family: arial, 宋体, sans-serif; font-size: 14px; line-height: 24px; text-indent: 28px; background-color: rgb(255, 255, 255);\">2006-07赛季初期，湖人的战绩相当出色，后来遭遇到伤病的困扰，</span><span style=\"color: rgb(51, 51, 51); font-family: arial, 宋体, sans-serif; font-size: 14px; line-height: 24px; text-indent: 28px; background-color: rgb(255, 255, 255);\">拉马尔·奥多姆</span><span style=\"color: rgb(51, 51, 51); font-family: arial, 宋体, sans-serif; font-size: 14px; line-height: 24px; text-indent: 28px; background-color: rgb(255, 255, 255);\">、</span><span style=\"color: rgb(51, 51, 51); font-family: arial, 宋体, sans-serif; font-size: 14px; line-height: 24px; text-indent: 28px; background-color: rgb(255, 255, 255);\">卢克·沃顿</span><span style=\"color: rgb(51, 51, 51); font-family: arial, 宋体, sans-serif; font-size: 14px; line-height: 24px; text-indent: 28px; background-color: rgb(255, 255, 255);\">等人纷纷伤停，湖人的战绩也一落千丈，最终勉强进入季后赛，但是却被太阳轻松击败，再次止步于</span><span style=\"color: rgb(51, 51, 51); font-family: arial, 宋体, sans-serif; font-size: 14px; line-height: 24px; text-indent: 28px; background-color: rgb(255, 255, 255);\">季后赛</span><span style=\"color: rgb(51, 51, 51); font-family: arial, 宋体, sans-serif; font-size: 14px; line-height: 24px; text-indent: 28px; background-color: rgb(255, 255, 255);\">首轮。</span></p><p><span style=\"color: rgb(51, 51, 51); font-family: arial, 宋体, sans-serif; font-size: 14px; line-height: 24px; text-indent: 28px; background-color: rgb(255, 255, 255);\"><br/></span></p><h3 class=\"headline-2\" style=\"margin: 20px 0px 12px; padding: 0px; font-size: 18px; font-family: &#39;Microsoft YaHei&#39;, SimHei, Verdana; line-height: 19px; clear: both; font-weight: 500; white-space: normal; background-color: rgb(255, 255, 255);\"><span class=\"headline-content\">两连冠时期</span></h3><p style=\"text-indent: 2em;\"><span style=\"color: rgb(51, 51, 51); font-family: arial, 宋体, sans-serif; font-size: 14px; line-height: 24px; text-indent: 28px; background-color: rgb(255, 255, 255);\">2007-08赛季，湖人在赛季中期用夸梅</span><span style=\"color: rgb(51, 51, 51); font-family: arial, 宋体, sans-serif; font-size: 14px; line-height: 24px; text-indent: 28px; background-color: rgb(255, 255, 255);\">·</span><span style=\"color: rgb(51, 51, 51); font-family: arial, 宋体, sans-serif; font-size: 14px; line-height: 24px; text-indent: 28px; background-color: rgb(255, 255, 255);\">布朗和</span><span style=\"color: rgb(51, 51, 51); font-family: arial, 宋体, sans-serif; font-size: 14px; line-height: 24px; text-indent: 28px; background-color: rgb(255, 255, 255);\">马克·加索尔</span><span style=\"color: rgb(51, 51, 51); font-family: arial, 宋体, sans-serif; font-size: 14px; line-height: 24px; text-indent: 28px; background-color: rgb(255, 255, 255);\">签约权</span></p><p><img class=\"\" alt=\"2010总决赛海报\" src=\"/PHPdemo_practice_byself/jerise-nba/public/index/images/new/20150515/1431679469723278.jpg\" style=\"border: 0px; display: block; margin: 0px auto; width: 220px; height: 137px; float: right;\"/></p><p style=\"text-indent: 2em;\"><span style=\"color: rgb(51, 51, 51); font-family: arial, 宋体, sans-serif; font-size: 14px; line-height: 24px; text-indent: 28px; background-color: rgb(255, 255, 255);\">换来了</span><span style=\"color: rgb(51, 51, 51); font-family: arial, 宋体, sans-serif; font-size: 14px; line-height: 24px; text-indent: 28px; background-color: rgb(255, 255, 255);\">保罗·加索尔</span><span style=\"color: rgb(51, 51, 51); font-family: arial, 宋体, sans-serif; font-size: 14px; line-height: 24px; text-indent: 28px; background-color: rgb(255, 255, 255);\">。常规赛结束后，科比当选常规赛MVP。在季后赛中，湖人一路冲击，以4：0横扫</span><span style=\"color: rgb(51, 51, 51); font-family: arial, 宋体, sans-serif; font-size: 14px; line-height: 24px; text-indent: 28px; background-color: rgb(255, 255, 255);\">掘金</span><span style=\"color: rgb(51, 51, 51); font-family: arial, 宋体, sans-serif; font-size: 14px; line-height: 24px; text-indent: 28px; background-color: rgb(255, 255, 255);\">，4：2击败</span><span style=\"color: rgb(51, 51, 51); font-family: arial, 宋体, sans-serif; font-size: 14px; line-height: 24px; text-indent: 28px; background-color: rgb(255, 255, 255);\">德隆·威廉姆斯</span><span style=\"color: rgb(51, 51, 51); font-family: arial, 宋体, sans-serif; font-size: 14px; line-height: 24px; text-indent: 28px; background-color: rgb(255, 255, 255);\">和</span><span style=\"color: rgb(51, 51, 51); font-family: arial, 宋体, sans-serif; font-size: 14px; line-height: 24px; text-indent: 28px; background-color: rgb(255, 255, 255);\">卡洛斯·布泽尔</span><span style=\"color: rgb(51, 51, 51); font-family: arial, 宋体, sans-serif; font-size: 14px; line-height: 24px; text-indent: 28px; background-color: rgb(255, 255, 255);\">领衔的爵士，4：1击败卫冕冠军马刺，顺利挺进总决赛。但在总决赛中湖人2：4再次败于</span><span style=\"color: rgb(51, 51, 51); font-family: arial, 宋体, sans-serif; font-size: 14px; line-height: 24px; text-indent: 28px; background-color: rgb(255, 255, 255);\">凯尔特人</span><span style=\"color: rgb(51, 51, 51); font-family: arial, 宋体, sans-serif; font-size: 14px; line-height: 24px; text-indent: 28px; background-color: rgb(255, 255, 255);\">。</span></p><p style=\"text-indent: 2em;\"><span style=\"color: rgb(51, 51, 51); font-family: arial, 宋体, sans-serif; font-size: 14px; line-height: 24px; text-indent: 28px; background-color: rgb(255, 255, 255);\">2008-09赛季，湖人取得了65胜17负的常规赛战绩。在季后赛首轮中，湖人以4比1轻取爵士；西部半决赛中，湖人以4比3击败火箭；西部决赛中，湖人凭借着</span><span style=\"color: rgb(51, 51, 51); font-family: arial, 宋体, sans-serif; font-size: 14px; line-height: 24px; text-indent: 28px; background-color: rgb(255, 255, 255);\">特雷沃·阿里扎</span><span style=\"color: rgb(51, 51, 51); font-family: arial, 宋体, sans-serif; font-size: 14px; line-height: 24px; text-indent: 28px; background-color: rgb(255, 255, 255);\">的2次关键抢断，以4比2击败掘金，挺进总决赛。在总决赛，湖人4比1轻取魔术，捧起队史第15座总冠军奖杯 ，科比获得了总决赛MVP。</span></p><p style=\"text-indent: 2em;\"><span style=\"color: rgb(51, 51, 51); font-family: arial, 宋体, sans-serif; font-size: 14px; line-height: 24px; text-indent: 28px; background-color: rgb(255, 255, 255);\">2009-10赛季，</span><span style=\"color: rgb(51, 51, 51); font-family: arial, 宋体, sans-serif; font-size: 14px; line-height: 24px; text-indent: 28px; background-color: rgb(255, 255, 255);\">罗恩·阿泰斯特</span><span style=\"color: rgb(51, 51, 51); font-family: arial, 宋体, sans-serif; font-size: 14px; line-height: 24px; text-indent: 28px; background-color: rgb(255, 255, 255);\">加盟湖人队，这让湖人队小前锋位置上得到加强。全队在常规赛中规中矩，打出了57胜25负的战绩，位列西部第一，全联盟第三。季后赛首轮，面对</span><span style=\"color: rgb(51, 51, 51); font-family: arial, 宋体, sans-serif; font-size: 14px; line-height: 24px; text-indent: 28px; background-color: rgb(255, 255, 255);\">凯文·杜兰特</span><span style=\"color: rgb(51, 51, 51); font-family: arial, 宋体, sans-serif; font-size: 14px; line-height: 24px; text-indent: 28px; background-color: rgb(255, 255, 255);\">领军的</span><span style=\"color: rgb(51, 51, 51); font-family: arial, 宋体, sans-serif; font-size: 14px; line-height: 24px; text-indent: 28px; background-color: rgb(255, 255, 255);\">俄克拉荷马雷霆队</span><span style=\"color: rgb(51, 51, 51); font-family: arial, 宋体, sans-serif; font-size: 14px; line-height: 24px; text-indent: 28px; background-color: rgb(255, 255, 255);\">，以4比2晋级。西部第二轮，面对犹他爵士队，以4比0横扫了对手。西部决赛中，湖人遇到了菲尼克斯太阳队，凭借第五场阿泰斯特的补篮绝杀及第六场科比的全面表现，湖人以4比2击败了太阳队，进入总决赛。总决赛面对波士顿凯尔特人队，湖人在科比的带领下与凯尔特人队大战7场，最终以4比3获胜，捧起队史上第16座总冠军奖杯，完成两连冠，科比收获总决赛MVP。这是湖人队与凯尔特人队的抢七大战中首次获胜。</span></p><p style=\"text-indent: 2em;\"><span style=\"color: rgb(51, 51, 51); font-family: arial, 宋体, sans-serif; font-size: 14px; line-height: 24px; text-indent: 28px; background-color: rgb(255, 255, 255);\"></span></p><h3 class=\"headline-2\" style=\"margin: 20px 0px 12px; padding: 0px; font-size: 18px; font-family: &#39;Microsoft YaHei&#39;, SimHei, Verdana; line-height: 19px; clear: both; font-weight: 500; white-space: normal; background-color: rgb(255, 255, 255);\"><span class=\"headline-content\">伤病袭击</span></h3><p style=\"text-indent: 2em;\"><span style=\"color: rgb(51, 51, 51); font-family: arial, 宋体, sans-serif; font-size: 14px; line-height: 24px; text-indent: 28px; background-color: rgb(255, 255, 255);\">2010-11赛季初，湖人的战绩一般，很大原因是遭遇到伤病的困</span></p><img class=\"\" alt=\"\" src=\"/PHPdemo_practice_byself/jerise-nba/public/index/images/new/20150515/1431679532536089.jpg\" style=\"border: 0px; display: block; margin: 0px auto; width: 220px; height: 146px; float: right;\"/><p style=\"text-indent: 2em;\"><span style=\"color: rgb(51, 51, 51); font-family: arial, 宋体, sans-serif; font-size: 14px; line-height: 24px; text-indent: 28px; background-color: rgb(255, 255, 255);\">扰，但经过全明星周末的短暂休息后，在科比·布莱恩特的带领下，湖人打出一波17胜1负的战绩，最终洛杉矶湖人以57胜25负名列西部第二晋级季后赛。季后赛第一轮对阵</span><span style=\"color: rgb(51, 51, 51); font-family: arial, 宋体, sans-serif; font-size: 14px; line-height: 24px; text-indent: 28px; background-color: rgb(255, 255, 255);\">克里斯·保罗</span><span style=\"color: rgb(51, 51, 51); font-family: arial, 宋体, sans-serif; font-size: 14px; line-height: 24px; text-indent: 28px; background-color: rgb(255, 255, 255);\">领衔的黄蜂，以4比2进入下一轮。第二轮面对小牛，湖人被0-4横扫，尴尬出局。</span></p><p style=\"text-indent: 2em;\"><span style=\"color: rgb(51, 51, 51); font-family: arial, 宋体, sans-serif; font-size: 14px; line-height: 24px; text-indent: 28px; background-color: rgb(255, 255, 255);\">2010-2011赛季结束后，湖人队</span><span style=\"color: rgb(51, 51, 51); font-family: arial, 宋体, sans-serif; font-size: 14px; line-height: 24px; text-indent: 28px; background-color: rgb(255, 255, 255);\">迈克·布朗</span><span style=\"color: rgb(51, 51, 51); font-family: arial, 宋体, sans-serif; font-size: 14px; line-height: 24px; text-indent: 28px; background-color: rgb(255, 255, 255);\">签了一份为期4年的合同。当赛季为</span><span style=\"color: rgb(51, 51, 51); font-family: arial, 宋体, sans-serif; font-size: 14px; line-height: 24px; text-indent: 28px; background-color: rgb(255, 255, 255);\">缩水赛季</span><span style=\"color: rgb(51, 51, 51); font-family: arial, 宋体, sans-serif; font-size: 14px; line-height: 24px; text-indent: 28px; background-color: rgb(255, 255, 255);\">，湖人取得41胜25负的战绩，西部排名第三。季后赛第一轮以4：3的战绩战胜掘金。第二轮对战雷霆，1-4被淘汰。&nbsp;</span></p><p style=\"text-indent: 2em;\"><span style=\"color: rgb(51, 51, 51); font-family: arial, 宋体, sans-serif; font-size: 14px; line-height: 24px; text-indent: 28px; background-color: rgb(255, 255, 255);\">2012-13赛季，湖人队通过四方交易得到了</span><span style=\"color: rgb(51, 51, 51); font-family: arial, 宋体, sans-serif; font-size: 14px; line-height: 24px; text-indent: 28px; background-color: rgb(255, 255, 255);\">德怀特·霍华德</span><span style=\"color: rgb(51, 51, 51); font-family: arial, 宋体, sans-serif; font-size: 14px; line-height: 24px; text-indent: 28px; background-color: rgb(255, 255, 255);\">。&nbsp;但在季前赛零胜八负、常规赛前五场一胜四负的情况下，2012年11月9日，湖人队管理层不得不解雇了主教练迈克·布朗。&nbsp;2012年11月12日，湖人队与擅长打跑轰的</span><span style=\"color: rgb(51, 51, 51); font-family: arial, 宋体, sans-serif; font-size: 14px; line-height: 24px; text-indent: 28px; background-color: rgb(255, 255, 255);\">德安东尼</span><span style=\"color: rgb(51, 51, 51); font-family: arial, 宋体, sans-serif; font-size: 14px; line-height: 24px; text-indent: 28px; background-color: rgb(255, 255, 255);\">签约。</span></p><p style=\"text-indent: 2em;\"><span style=\"color: rgb(51, 51, 51); font-family: arial, 宋体, sans-serif; font-size: 14px; line-height: 24px; text-indent: 28px; background-color: rgb(255, 255, 255);\">2013年3月28日，湖人120比117战胜森林狼，保持了对森林狼的22连胜——这也是当时联盟单支球队对另一支球队的最长连胜。&nbsp;</span></p><p style=\"text-indent: 2em;\"><span style=\"color: rgb(51, 51, 51); font-family: arial, 宋体, sans-serif; font-size: 14px; line-height: 24px; text-indent: 28px; background-color: rgb(255, 255, 255);\">2013年4月14日，科比在与勇士队的比赛中因伤退赛，赛后接受核磁共振检查并确诊为左脚跟腱完全撕裂，赛季报销。&nbsp;</span></p><p style=\"text-indent: 2em;\"><span style=\"color: rgb(51, 51, 51); font-family: arial, 宋体, sans-serif; font-size: 14px; line-height: 24px; text-indent: 28px; background-color: rgb(255, 255, 255);\">2013年4月18日，湖人队99:95战胜火箭队，以第7名的成绩进入季后赛，季后赛首轮对阵马刺队。2013年4月29日，湖人82-103不敌马刺，以0：:4的比分结束赛季。</span></p><p style=\"text-indent: 2em;\"><span style=\"color: rgb(51, 51, 51); font-family: arial, 宋体, sans-serif; font-size: 14px; line-height: 24px; text-indent: 28px; background-color: rgb(255, 255, 255);\">2013年4月3日，湖人队主场迎战小牛，中场休息时进行了奥尼尔的34号球衣退役仪式。</span></p><p style=\"text-indent: 2em;\"><span style=\"color: rgb(51, 51, 51); font-family: arial, 宋体, sans-serif; font-size: 14px; line-height: 24px; text-indent: 28px; background-color: rgb(255, 255, 255);\"></span></p><h3 class=\"headline-2\" style=\"margin: 20px 0px 12px; padding: 0px; font-size: 18px; font-family: &#39;Microsoft YaHei&#39;, SimHei, Verdana; line-height: 19px; clear: both; font-weight: 500; white-space: normal; background-color: rgb(255, 255, 255);\"><span class=\"headline-content\">重建时期</span></h3><p style=\"text-indent: 2em;\"><span style=\"color: rgb(51, 51, 51); font-family: arial, 宋体, sans-serif; font-size: 14px; line-height: 24px; text-indent: 28px; background-color: rgb(255, 255, 255);\">2012-2013赛季结束后，德怀特霍华德成为自由球员，尽管湖人极力挽留德怀特霍华德，可霍华德却因种种原因未与湖人续约，在2013年7月6日宣布加盟休斯顿火箭队。湖人随后签下</span><span style=\"color: rgb(51, 51, 51); font-family: arial, 宋体, sans-serif; font-size: 14px; line-height: 24px; text-indent: 28px; background-color: rgb(255, 255, 255);\">克里斯·卡曼</span><span style=\"color: rgb(51, 51, 51); font-family: arial, 宋体, sans-serif; font-size: 14px; line-height: 24px; text-indent: 28px; background-color: rgb(255, 255, 255);\">，又签下</span><span style=\"color: rgb(51, 51, 51); font-family: arial, 宋体, sans-serif; font-size: 14px; line-height: 24px; text-indent: 28px; background-color: rgb(255, 255, 255);\">尼克·杨</span><span style=\"color: rgb(51, 51, 51); font-family: arial, 宋体, sans-serif; font-size: 14px; line-height: 24px; text-indent: 28px; background-color: rgb(255, 255, 255);\">和</span><span style=\"color: rgb(51, 51, 51); font-family: arial, 宋体, sans-serif; font-size: 14px; line-height: 24px; text-indent: 28px; background-color: rgb(255, 255, 255);\">韦斯利·约翰逊</span><span style=\"color: rgb(51, 51, 51); font-family: arial, 宋体, sans-serif; font-size: 14px; line-height: 24px; text-indent: 28px; background-color: rgb(255, 255, 255);\">，并特赦了罗恩·阿泰斯特。</span></p><p style=\"text-indent: 2em;\"><span style=\"color: rgb(51, 51, 51); font-family: arial, 宋体, sans-serif; font-size: 14px; line-height: 24px; text-indent: 28px; background-color: rgb(255, 255, 255);\">2013年11月11日，缺少科比的湖人最终以90-113不敌明尼苏达森林狼队，这是湖人自2007年3月7日以来首次输给森林狼，对森林狼的22连胜也就此终结。</span></p><p style=\"text-indent: 2em;\"><span style=\"color: rgb(51, 51, 51); font-family: arial, 宋体, sans-serif; font-size: 14px; line-height: 24px; text-indent: 28px; background-color: rgb(255, 255, 255);\">2013年11月14日，湖人上场比赛大胜鹈鹕，但球队却遭遇一大尴尬，主场球票竟然没有卖完，这是7年来的第一次。湖人主场连续320场球票售罄纪录就此终止。</span></p><p style=\"text-indent: 2em;\"><span style=\"color: rgb(51, 51, 51); font-family: arial, 宋体, sans-serif; font-size: 14px; line-height: 24px; text-indent: 28px; background-color: rgb(255, 255, 255);\">2014年7月29日，湖人队正式宣布</span><span style=\"color: rgb(51, 51, 51); font-family: arial, 宋体, sans-serif; font-size: 14px; line-height: 24px; text-indent: 28px; background-color: rgb(255, 255, 255);\">拜伦·斯科特</span><span style=\"color: rgb(51, 51, 51); font-family: arial, 宋体, sans-serif; font-size: 14px; line-height: 24px; text-indent: 28px; background-color: rgb(255, 255, 255);\">成为球队新任主帅。</span></p><p style=\"text-indent: 2em;\"><span style=\"color: rgb(51, 51, 51); font-family: arial, 宋体, sans-serif; font-size: 14px; line-height: 24px; text-indent: 28px; background-color: rgb(255, 255, 255);\">2015年2月12日，湖人不敌开拓者，客场遭遇11连败，刷新队史最长客场连败纪录。</span></p><p style=\"text-indent: 2em;\"><span style=\"color: rgb(51, 51, 51); font-family: arial, 宋体, sans-serif; font-size: 14px; line-height: 24px; text-indent: 28px; background-color: rgb(255, 255, 255);\">2015年3月12日，湖人提前20轮无缘季后赛，结束了2014-15赛季的征程。这是湖人自1960-61赛季搬至洛杉矶以后无缘季后赛的最早纪录。同时，这是湖人队史第7次无缘季后赛，也是第2次连续两个赛季无缘季后赛——上一次出现如此尴尬的状况还是1974-75赛季和1975-76赛季。</span>&nbsp;</p><p style=\"text-indent: 2em;\"><br/></p><p style=\"text-indent: 0em;\"><span style=\"color: rgb(255, 255, 255); font-family: &#39;Microsoft YaHei&#39;, SimHei, Verdana; font-size: 24px; line-height: 24px; text-indent: 28px; background-color: rgb(0, 112, 192);\">&nbsp;2&nbsp;</span><span style=\"color: rgb(51, 51, 51); font-family: &#39;Microsoft YaHei&#39;, SimHei, Verdana; font-size: 24px; line-height: 24px; text-indent: 28px; background-color: rgb(255, 255, 255);\">球队主场</span><br/></p><p style=\"text-indent: 0em;\"><span style=\"color: rgb(51, 51, 51); font-family: &#39;Microsoft YaHei&#39;, SimHei, Verdana; font-size: 24px; line-height: 24px; text-indent: 28px; background-color: rgb(255, 255, 255);\"></span></p><p style=\"text-indent: 2em;\"><span style=\"color: rgb(51, 51, 51); font-family: arial, 宋体, sans-serif; font-size: 14px; line-height: 24px; text-indent: 28px; background-color: rgb(255, 255, 255);\">湖人队的主场是</span><span style=\"color: rgb(51, 51, 51); font-family: arial, 宋体, sans-serif; font-size: 14px; line-height: 24px; text-indent: 28px; background-color: rgb(255, 255, 255);\">斯台普斯球馆</span><span style=\"color: rgb(51, 51, 51); font-family: arial, 宋体, sans-serif; font-size: 14px; line-height: 24px; text-indent: 28px; background-color: rgb(255, 255, 255);\">，位于洛杉矶市中心，1999年正式投入使用，造价达3.8亿美元。</span></p><p style=\"text-indent: 2em;\"><span style=\"color: rgb(51, 51, 51); font-family: arial, 宋体, sans-serif; font-size: 14px; line-height: 24px; text-indent: 28px; background-color: rgb(255, 255, 255);\">距离球馆还有3公里时，就能看见球队历史著名中锋张伯伦、贾巴尔和奥尼尔的巨幅画像。球馆外有“魔术师”约翰逊的铜像，这个铜像是2004年洛杉矶全明星赛前建立的。球场顶部悬挂的超大电视屏幕有六面，比赛中每个精彩画面都能及时慢镜头重放。整个球馆被分为400多区块，有近200条通道出入。</span></p><p style=\"text-indent: 2em;\"><span style=\"color: rgb(51, 51, 51); font-family: arial, 宋体, sans-serif; font-size: 14px; line-height: 24px; text-indent: 28px; background-color: rgb(255, 255, 255);\">斯台普斯球馆同时也是</span><span style=\"color: rgb(51, 51, 51); font-family: arial, 宋体, sans-serif; font-size: 14px; line-height: 24px; text-indent: 28px; background-color: rgb(255, 255, 255);\">洛杉矶快船队</span><span style=\"color: rgb(51, 51, 51); font-family: arial, 宋体, sans-serif; font-size: 14px; line-height: 24px; text-indent: 28px; background-color: rgb(255, 255, 255);\">的主场。每场比赛结束后，工作人员将立即更换地毯。如果是</span><span style=\"color: rgb(51, 51, 51); font-family: arial, 宋体, sans-serif; font-size: 14px; line-height: 24px; text-indent: 28px; background-color: rgb(255, 255, 255);\">德比战</span><span style=\"color: rgb(51, 51, 51); font-family: arial, 宋体, sans-serif; font-size: 14px; line-height: 24px; text-indent: 28px; background-color: rgb(255, 255, 255);\">，谁是主场就换上那个队的地毯。</span></p><p style=\"text-indent: 2em;\"><span style=\"color: rgb(51, 51, 51); font-family: arial, 宋体, sans-serif; font-size: 14px; line-height: 24px; text-indent: 28px; background-color: rgb(255, 255, 255);\"><br/></span></p><p style=\"text-indent: 0em;\"><span style=\"color: rgb(255, 255, 255); font-family: &#39;Microsoft YaHei&#39;, SimHei, Verdana; font-size: 24px; line-height: 24px; text-indent: 28px; background-color: rgb(0, 112, 192);\">&nbsp;3&nbsp;</span><span style=\"color: rgb(51, 51, 51); font-family: arial, 宋体, sans-serif; font-size: 14px; line-height: 24px; text-indent: 28px; background-color: rgb(255, 255, 255);\"><span style=\"font-family: &#39;Microsoft YaHei&#39;, SimHei, Verdana; font-size: 24px; line-height: 24px; background-color: rgb(255, 255, 255);\">球队文化</span></span></p><p style=\"text-indent: 0em;\"><span style=\"color: rgb(51, 51, 51); font-family: &#39;Microsoft YaHei&#39;, SimHei, Verdana; font-size: 24px; line-height: 24px; text-indent: 28px; background-color: rgb(255, 255, 255);\"></span></p><h3 class=\"headline-2\" style=\"margin: 20px 0px 12px; padding: 0px; font-size: 18px; font-family: &#39;Microsoft YaHei&#39;, SimHei, Verdana; line-height: 19px; clear: both; font-weight: 500; white-space: normal; background-color: rgb(255, 255, 255);\"><span class=\"headline-content\">队名溯源</span></h3><p style=\"text-indent: 2em;\"><span style=\"color: rgb(51, 51, 51); font-family: arial, 宋体, sans-serif; font-size: 14px; line-height: 24px; text-indent: 28px; background-color: rgb(255, 255, 255);\">湖人队的这个名字来源于明尼阿波利斯的别称——千湖之地</span></p><p><img class=\"\" alt=\"球队LOGO\" src=\"/PHPdemo_practice_byself/jerise-nba/public/index/images/new/20150515/1431679784883700.jpg\" style=\"border: 0px; display: block; margin: 0px auto; width: 220px; height: 137px; float: right;\"/></p><p style=\"text-indent: 2em;\"><span style=\"color: rgb(51, 51, 51); font-family: arial, 宋体, sans-serif; font-size: 14px; line-height: 24px; text-indent: 28px; background-color: rgb(255, 255, 255);\">。队名大意是在美国东北五大连湖工作或者居住的人。由于一次飞机惊魂事件，使湖人队老板痛下决心，于1960年搬迁到洛杉矶。虽然洛杉矶境内并没有什么大湖，但湖人队搬到洛城之后，并没有改掉原来的名字。</span></p><p style=\"text-indent: 0em;\"><span style=\"color: rgb(51, 51, 51); font-family: &#39;Microsoft YaHei&#39;, SimHei, Verdana; font-size: 24px; line-height: 24px; text-indent: 28px; background-color: rgb(255, 255, 255);\"></span></p><h3 class=\"headline-2\" style=\"margin: 20px 0px 12px; padding: 0px; font-size: 18px; font-family: &#39;Microsoft YaHei&#39;, SimHei, Verdana; line-height: 19px; clear: both; font-weight: 500; white-space: normal; background-color: rgb(255, 255, 255);\"><span class=\"headline-content\">球衣</span></h3><p style=\"text-indent: 2em;\"><span style=\"color: rgb(51, 51, 51); font-family: arial, 宋体, sans-serif; font-size: 14px; line-height: 24px; text-indent: 28px; background-color: rgb(255, 255, 255);\">湖人的球衣主要有三种颜色，主场是黄色，客场是紫色，</span></p><p><img class=\"\" alt=\"\" src=\"/PHPdemo_practice_byself/jerise-nba/public/index/images/new/20150515/1431679808500803.jpg\" style=\"border: 0px; display: block; margin: 0px auto; width: 146px; height: 220px; float: right;\"/></p><p style=\"text-indent: 2em;\"><span style=\"color: rgb(51, 51, 51); font-family: arial, 宋体, sans-serif; font-size: 14px; line-height: 24px; text-indent: 28px; background-color: rgb(255, 255, 255);\">还有一套白色的替补球衣，球衣的颜色也是湖人得名“紫金军团”的原因之一。</span></p><p style=\"text-indent: 2em;\"><span style=\"color: rgb(51, 51, 51); font-family: arial, 宋体, sans-serif; font-size: 14px; line-height: 24px; text-indent: 28px; background-color: rgb(255, 255, 255);\">2013-2014赛季，湖人队新增了两套球衣。一套是黑紫色球衣，被命名为“好莱坞之夜”；另一套为白色短袖球衣，在圣诞大战对阵热火的比赛中被使用。</span></p>', '1431680058', '洛杉矶湖人队');
INSERT INTO `temp_his` VALUES ('3', '<h1 class=\"title maintitle\" id=\"\" style=\"margin: 0px 0px 14px; padding: 0px; font-size: 34px; width: 700px; font-family: &#39;Microsoft YaHei&#39;, SimHei, Verdana; line-height: 34px; font-weight: 500; z-index: 0; position: relative; overflow: hidden; zoom: 1; clear: right; white-space: normal; background-color: rgb(255, 255, 255);\"><span class=\"lemmaTitleH1\" style=\"height: auto; padding: 0px 0px 5px; display: inline;\">迈克尔·乔丹</span></h1><p style=\"text-indent: 2em;\"><span style=\"color: rgb(51, 51, 51); font-family: arial, 宋体, sans-serif; font-size: 14px; line-height: 24px; text-indent: 28px; background-color: rgb(255, 255, 255);\">迈克尔·乔丹（Michael Jordan），1963年2月17日生于</span>纽约<span style=\"color: rgb(51, 51, 51); font-family: arial, 宋体, sans-serif; font-size: 14px; line-height: 24px; text-indent: 28px; background-color: rgb(255, 255, 255);\">布鲁克林，</span>美国<span style=\"color: rgb(51, 51, 51); font-family: arial, 宋体, sans-serif; font-size: 14px; line-height: 24px; text-indent: 28px; background-color: rgb(255, 255, 255);\">著名篮球</span>运动员<span style=\"color: rgb(51, 51, 51); font-family: arial, 宋体, sans-serif; font-size: 14px; line-height: 24px; text-indent: 28px; background-color: rgb(255, 255, 255);\">，司职得分</span>后卫<span style=\"color: rgb(51, 51, 51); font-family: arial, 宋体, sans-serif; font-size: 14px; line-height: 24px; text-indent: 28px; background-color: rgb(255, 255, 255);\">，历史上最伟大的</span>篮球<span style=\"color: rgb(51, 51, 51); font-family: arial, 宋体, sans-serif; font-size: 14px; line-height: 24px; text-indent: 28px; background-color: rgb(255, 255, 255);\">运动员。</span></p><p style=\"text-indent: 2em;\"><span style=\"color: rgb(51, 51, 51); font-family: arial, 宋体, sans-serif; font-size: 14px; line-height: 24px; text-indent: 28px; background-color: rgb(255, 255, 255);\"><span style=\"color: rgb(51, 51, 51); font-family: arial, 宋体, sans-serif; font-size: 14px; line-height: 24px; text-indent: 28px; background-color: rgb(255, 255, 255);\">1984年的</span>NBA<span style=\"color: rgb(51, 51, 51); font-family: arial, 宋体, sans-serif; font-size: 14px; line-height: 24px; text-indent: 28px; background-color: rgb(255, 255, 255);\">选秀大会，乔丹在首轮第3顺位被</span>芝加哥公牛队<span style=\"color: rgb(51, 51, 51); font-family: arial, 宋体, sans-serif; font-size: 14px; line-height: 24px; text-indent: 28px; background-color: rgb(255, 255, 255);\">选中。</span>&nbsp;<span style=\"color: rgb(51, 51, 51); font-family: arial, 宋体, sans-serif; font-size: 14px; line-height: 24px; text-indent: 28px; background-color: rgb(255, 255, 255);\">1986-87</span>赛季<span style=\"color: rgb(51, 51, 51); font-family: arial, 宋体, sans-serif; font-size: 14px; line-height: 24px; text-indent: 28px; background-color: rgb(255, 255, 255);\">，乔丹场均得到37.1分，首次获得分王称号。</span>&nbsp;<span style=\"color: rgb(51, 51, 51); font-family: arial, 宋体, sans-serif; font-size: 14px; line-height: 24px; text-indent: 28px; background-color: rgb(255, 255, 255);\">1990-91赛季，乔丹连夺常规赛</span>MVP<span style=\"color: rgb(51, 51, 51); font-family: arial, 宋体, sans-serif; font-size: 14px; line-height: 24px; text-indent: 28px; background-color: rgb(255, 255, 255);\">和总决赛MVP称号，率领芝加哥公牛首次夺得</span>NBA总冠军<span style=\"color: rgb(51, 51, 51); font-family: arial, 宋体, sans-serif; font-size: 14px; line-height: 24px; text-indent: 28px; background-color: rgb(255, 255, 255);\">。</span>&nbsp;<span style=\"color: rgb(51, 51, 51); font-family: arial, 宋体, sans-serif; font-size: 14px; line-height: 24px; text-indent: 28px; background-color: rgb(255, 255, 255);\">1997-98赛季，</span>乔丹<span style=\"color: rgb(51, 51, 51); font-family: arial, 宋体, sans-serif; font-size: 14px; line-height: 24px; text-indent: 28px; background-color: rgb(255, 255, 255);\">获得个人职业生涯第10个得分王，并率领公牛队第六次夺得总</span>冠军<span style=\"color: rgb(51, 51, 51); font-family: arial, 宋体, sans-serif; font-size: 14px; line-height: 24px; text-indent: 28px; background-color: rgb(255, 255, 255);\">。</span>&nbsp;<span style=\"color: rgb(51, 51, 51); font-family: arial, 宋体, sans-serif; font-size: 14px; line-height: 24px; text-indent: 28px; background-color: rgb(255, 255, 255);\">2009年9月11日，乔丹正式入选</span>NBA名人堂<span style=\"color: rgb(51, 51, 51); font-family: arial, 宋体, sans-serif; font-size: 14px; line-height: 24px; text-indent: 28px; background-color: rgb(255, 255, 255);\">。</span></span></p><p style=\"text-align:center\"><span style=\"color: rgb(51, 51, 51); font-family: arial, 宋体, sans-serif; font-size: 14px; line-height: 24px; text-indent: 28px; background-color: rgb(255, 255, 255);\"><span style=\"color: rgb(51, 51, 51); font-family: arial, 宋体, sans-serif; font-size: 14px; line-height: 24px; text-indent: 28px; background-color: rgb(255, 255, 255);\"><embed type=\"application/x-shockwave-flash\" class=\"edui-faked-video\" pluginspage=\"http://www.macromedia.com/go/getflashplayer\" src=\"http://player.youku.com/player.php/sid/XNzEyMDk4NzI0/v.swf\" width=\"860\" height=\"524\" wmode=\"transparent\" play=\"true\" loop=\"false\" menu=\"false\" allowscriptaccess=\"never\" allowfullscreen=\"true\"/></span></span></p><p style=\"text-indent: 2em;\"><span style=\"color: rgb(51, 51, 51); font-family: arial, 宋体, sans-serif; font-size: 14px; line-height: 24px; text-indent: 28px; background-color: rgb(255, 255, 255);\"><span style=\"color: rgb(51, 51, 51); font-family: arial, 宋体, sans-serif; font-size: 14px; line-height: 24px; text-indent: 28px; background-color: rgb(255, 255, 255);\"><br/></span></span></p><p style=\"text-indent: 0em;\"><span style=\"font-family: &#39;Microsoft YaHei&#39;, SimHei, Verdana; font-size: 24px; line-height: 24px; color: rgb(255, 255, 255); text-indent: 28px; background-color: rgb(0, 112, 192);\">&nbsp;1 </span><span style=\"font-family: &#39;Microsoft YaHei&#39;, SimHei, Verdana; font-size: 24px; line-height: 24px; color: rgb(51, 51, 51); text-indent: 28px; background-color: rgb(255, 255, 255);\">早年经历</span></p><p style=\"text-indent: 0em;\"><span style=\"font-family: &#39;Microsoft YaHei&#39;, SimHei, Verdana; font-size: 24px; line-height: 24px; color: rgb(51, 51, 51); text-indent: 28px; background-color: rgb(255, 255, 255);\"></span></p><p><strong>童年时期</strong></p><p><img class=\"\" alt=\"乔丹大学时期\" src=\"/PHPdemo_practice_byself/jerise-nba/public/index/images/new/20150515/1431680431600809.jpg\" style=\"border: 0px; display: block; margin: 0px auto; width: 145px; height: 220px; float: right;\"/></p><p style=\"text-indent: 2em;\"><span style=\"color: rgb(51, 51, 51); font-family: arial, 宋体, sans-serif; font-size: 14px; line-height: 24px; text-indent: 28px; background-color: rgb(255, 255, 255);\">1963年2月17日，乔丹出生在纽约布鲁克林区，五岁的时候，乔丹一家人便搬到了北卡罗来纳州，小时候的乔丹同父亲关系很好，乔丹扣篮时著名的吐舌动作就是来源于父亲做修理工作时的动作，那时的两人对棒球很是热衷。小时候的乔丹非常的淘气，在跟着哥哥喜欢上篮球后，乔丹业余时间全都耗在了球场上。</span></p><p><strong>高中时期</strong></p><p style=\"text-indent: 2em;\"><span style=\"color: rgb(51, 51, 51); font-family: arial, 宋体, sans-serif; font-size: 14px; line-height: 24px; text-indent: 28px; background-color: rgb(255, 255, 255);\">威尔明顿兰尼高中乔丹篮球生涯的起点，不过年幼的乔丹并不引人注目，第二年时，他的身高只有5尺11寸，又瘦又小的他被教练从一队降入二队。不过乔丹没有放弃，到了高三的时候，他入选了全美高中生阵容。</span>&nbsp;</p><p><strong>大学时期</strong></p><p style=\"text-indent: 2em;\"><span style=\"color: rgb(51, 51, 51); font-family: arial, 宋体, sans-serif; font-size: 14px; line-height: 24px; text-indent: 28px; background-color: rgb(255, 255, 255);\">1982年3月29日，乔丹作为北卡罗莱那大学的一名新生，在NCAA联赛的决赛里投进制胜球，帮助北卡大学队以63比62的比分战胜了尤因率领的</span><span style=\"color: rgb(51, 51, 51); font-family: arial, 宋体, sans-serif; font-size: 14px; line-height: 24px; text-indent: 28px; background-color: rgb(255, 255, 255);\">乔治城大学</span><span style=\"color: rgb(51, 51, 51); font-family: arial, 宋体, sans-serif; font-size: 14px; line-height: 24px; text-indent: 28px; background-color: rgb(255, 255, 255);\">队。1982-83赛季，乔丹被《体育新闻》评为年度大学生球员及全美第一阵容队员。1983-84赛季，乔丹再次被《体育新闻》评为年度大学生球员及全美第一阵容队员。</span></p><p style=\"text-indent: 2em;\"><span style=\"color: rgb(51, 51, 51); font-family: arial, 宋体, sans-serif; font-size: 14px; line-height: 24px; text-indent: 28px; background-color: rgb(255, 255, 255);\"><br/></span></p><p style=\"text-indent: 0em;\"><span style=\"font-family: &#39;Microsoft YaHei&#39;, SimHei, Verdana; font-size: 24px; line-height: 24px; color: rgb(255, 255, 255); text-indent: 28px; background-color: rgb(0, 112, 192);\">&nbsp;2&nbsp;</span><span style=\"color: rgb(51, 51, 51); font-family: arial, 宋体, sans-serif; font-size: 14px; line-height: 24px; text-indent: 28px; background-color: rgb(255, 255, 255);\"><span style=\"font-family: &#39;Microsoft YaHei&#39;, SimHei, Verdana; font-size: 24px;\">职业生涯</span></span></p><p style=\"text-indent: 0em;\"><span style=\"font-family: &#39;Microsoft YaHei&#39;, SimHei, Verdana; font-size: 24px; line-height: 24px; color: rgb(51, 51, 51); text-indent: 28px; background-color: rgb(255, 255, 255);\"></span></p><h3 class=\"headline-2\" style=\"margin: 20px 0px 12px; padding: 0px; font-size: 18px; font-family: &#39;Microsoft YaHei&#39;, SimHei, Verdana; line-height: 19px; clear: both; font-weight: 500; white-space: normal; background-color: rgb(255, 255, 255);\"><span class=\"headline-content\">新秀赛季</span></h3><p style=\"text-indent: 2em;\"><span style=\"color: rgb(51, 51, 51); font-family: arial, 宋体, sans-serif; font-size: 14px; line-height: 24px; text-indent: 28px; background-color: rgb(255, 255, 255);\">1984年9月12日，在NBA选秀大会上，乔丹被</span><span style=\"color: rgb(51, 51, 51); font-family: arial, 宋体, sans-serif; font-size: 14px; line-height: 24px; text-indent: 28px; background-color: rgb(255, 255, 255);\">芝加哥公牛队</span><span style=\"color: rgb(51, 51, 51); font-family: arial, 宋体, sans-serif; font-size: 14px; line-height: 24px; text-indent: 28px; background-color: rgb(255, 255, 255);\">选中，在整个联盟新秀中，他排在第3位，他的前面分别是</span><span style=\"color: rgb(51, 51, 51); font-family: arial, 宋体, sans-serif; font-size: 14px; line-height: 24px; text-indent: 28px; background-color: rgb(255, 255, 255);\">哈基姆·奥拉朱旺</span><span style=\"color: rgb(51, 51, 51); font-family: arial, 宋体, sans-serif; font-size: 14px; line-height: 24px; text-indent: 28px; background-color: rgb(255, 255, 255);\">和萨姆·鲍伊。从这时候起，直到首次登顶NBA总冠军，乔丹就一直是单打独斗的典型。&nbsp;</span></p><p style=\"text-indent: 2em;\"><span style=\"color: rgb(51, 51, 51); font-family: arial, 宋体, sans-serif; font-size: 14px; line-height: 24px; text-indent: 28px; background-color: rgb(255, 255, 255);\">乔丹在新秀赛季场均分得到28.2分，6.5个篮板，5.9个助攻，拿下了年度</span><span style=\"color: rgb(51, 51, 51); font-family: arial, 宋体, sans-serif; font-size: 14px; line-height: 24px; text-indent: 28px; background-color: rgb(255, 255, 255);\">最佳新秀</span><span style=\"color: rgb(51, 51, 51); font-family: arial, 宋体, sans-serif; font-size: 14px; line-height: 24px; text-indent: 28px; background-color: rgb(255, 255, 255);\">的称号，并入选NBA第二阵容。乔丹在自己的处子季后赛里，场均得到29.3分，5.8个篮板，8.5次助攻。但可惜球队1:3负与</span><span style=\"color: rgb(51, 51, 51); font-family: arial, 宋体, sans-serif; font-size: 14px; line-height: 24px; text-indent: 28px; background-color: rgb(255, 255, 255);\">密尔沃基雄鹿队</span><span style=\"color: rgb(51, 51, 51); font-family: arial, 宋体, sans-serif; font-size: 14px; line-height: 24px; text-indent: 28px; background-color: rgb(255, 255, 255);\">，被淘汰出局。</span>&nbsp;</p><h3 class=\"headline-2\" style=\"margin: 20px 0px 12px; padding: 0px; font-size: 18px; font-family: &#39;Microsoft YaHei&#39;, SimHei, Verdana; line-height: 19px; clear: both; font-weight: 500; white-space: normal; background-color: rgb(255, 255, 255);\"><span class=\"headline-content\">成长阶段</span></h3><p><img class=\"\" alt=\"1985年的乔丹\" src=\"/PHPdemo_practice_byself/jerise-nba/public/index/images/new/20150515/1431680536133398.jpg\" style=\"border: 0px; display: block; margin: 0px auto; width: 187px; height: 220px; float: right;\"/></p><p style=\"text-indent: 2em;\"><span style=\"color: rgb(51, 51, 51); font-family: arial, 宋体, sans-serif; font-size: 14px; line-height: 24px; text-indent: 28px; background-color: rgb(255, 255, 255);\">乔丹的第二个赛季仅仅打了三场比赛，乔丹就因为左脚的一块骨头骨折而伤退，虽然被票选入全明星赛，但是未能出席。赛季末，乔丹重新回到球场。季后赛首轮，乔丹在公牛与凯尔特人的第二战中得到63分，打破了NBA季后赛的得分纪录，而那只是乔丹的第六场季后赛比赛，不过公牛在这场比赛经过中两个加时仍以131-135输给了凯尔特人，最终0-3遭淘汰。&nbsp;</span></p><p style=\"text-indent: 2em;\"><span style=\"color: rgb(51, 51, 51); font-family: arial, 宋体, sans-serif; font-size: 14px; line-height: 24px; text-indent: 28px; background-color: rgb(255, 255, 255);\">从1986-87赛季开始，乔丹开始占据NBA纪录册。这一年，他在前7场比赛中场均37.1分，赛季场均达到了30分。乔丹连续9场得到40或以上的分数，创造联盟纪录。在全明星周末，他夺得了扣篮大赛冠军，不过在季后赛，公牛仍然被凯尔特人首轮淘汰出局。&nbsp;</span></p><p style=\"text-indent: 2em;\"><span style=\"color: rgb(51, 51, 51); font-family: arial, 宋体, sans-serif; font-size: 14px; line-height: 24px; text-indent: 28px; background-color: rgb(255, 255, 255);\">1987-88赛季，乔丹拿下了常规赛得分王，</span><span style=\"color: rgb(51, 51, 51); font-family: arial, 宋体, sans-serif; font-size: 14px; line-height: 24px; text-indent: 28px; background-color: rgb(255, 255, 255);\">最佳防守球员</span><span style=\"color: rgb(51, 51, 51); font-family: arial, 宋体, sans-serif; font-size: 14px; line-height: 24px; text-indent: 28px; background-color: rgb(255, 255, 255);\">，全明星MVP，常规赛最有价值球员。季后赛首轮，乔丹带领公牛淘汰了骑士，无奈第二轮1-4负于底特率活塞。</span></p><p style=\"text-indent: 2em;\"><span style=\"color: rgb(51, 51, 51); font-family: arial, 宋体, sans-serif; font-size: 14px; line-height: 24px; text-indent: 28px; background-color: rgb(255, 255, 255);\">1988-89赛季，乔丹场均32.5分领衔联盟，同时场均贡献职业生涯新高的8.0个篮板和8.0次助攻。另外，他场均还有2.89次抢断，位列抢断榜第三。季后赛首轮和骑士的第五场，乔丹命中了绝杀球。</span></p><p style=\"text-indent: 2em;\"><span style=\"color: rgb(51, 51, 51); font-family: arial, 宋体, sans-serif; font-size: 14px; line-height: 24px; text-indent: 28px; background-color: rgb(255, 255, 255);\">1989-90赛季揭幕前，公牛队请来了</span><span style=\"color: rgb(51, 51, 51); font-family: arial, 宋体, sans-serif; font-size: 14px; line-height: 24px; text-indent: 28px; background-color: rgb(255, 255, 255);\">菲尔·杰克逊</span><span style=\"color: rgb(51, 51, 51); font-family: arial, 宋体, sans-serif; font-size: 14px; line-height: 24px; text-indent: 28px; background-color: rgb(255, 255, 255);\">。在“禅师”杰克逊的指教下，公牛引进三角进攻。这个赛季，公牛55胜27负，创1971-72赛季以来队史最佳战绩。乔丹在和骑士的比赛中创造生涯最高得分69分。不过在1990年东部决赛中，公牛在七场鏖战中仍然输给了活塞。</span></p><p style=\"text-indent: 2em;\"><span style=\"color: rgb(51, 51, 51); font-family: arial, 宋体, sans-serif; font-size: 14px; line-height: 24px; text-indent: 28px; background-color: rgb(255, 255, 255);\"></span></p><h3 class=\"headline-2\" style=\"margin: 20px 0px 12px; padding: 0px; font-size: 18px; font-family: &#39;Microsoft YaHei&#39;, SimHei, Verdana; line-height: 19px; clear: both; font-weight: 500; white-space: normal; background-color: rgb(255, 255, 255);\"><span class=\"headline-content\">第一个三连冠</span></h3><p style=\"text-indent: 0em;\"></p><p style=\"text-indent: 2em;\"><span style=\"color: rgb(51, 51, 51); font-family: arial, 宋体, sans-serif; font-size: 14px; line-height: 24px; text-indent: 28px; background-color: rgb(255, 255, 255);\">1990-91赛季，乔丹率领公牛一路高歌猛进，整个季后赛仅仅输了两场，乔丹率领公牛第一次夺得总冠军。这其中包括在东部决赛中横扫活塞报了一箭之仇，在总决赛主场先负一局的情况下直落四局击败湖人夺冠。乔丹场均得到31.4分、6.4个篮板、8.4次助攻，并捧起了他六个NBA总决赛最有价值球员奖杯中的第一个。</span></p><p style=\"text-indent: 2em;\"><span style=\"color: rgb(51, 51, 51); font-family: arial, 宋体, sans-serif; font-size: 14px; line-height: 24px; text-indent: 28px; background-color: rgb(255, 255, 255);\">1991-92赛季，乔丹场均得到30.1分，连续第2年同时获得常规赛MVP和总决赛MVP称号。季后赛首轮迎战迈阿密热队，乔丹场均45分，率领球队以3比0的总比分横扫对手。这个赛季乔丹再次率领芝加哥公牛夺得了总冠军。</span></p><p style=\"text-indent: 2em;\"><span style=\"color: rgb(51, 51, 51); font-family: arial, 宋体, sans-serif; font-size: 14px; line-height: 24px; text-indent: 28px; background-color: rgb(255, 255, 255);\">1993年，乔丹带领公牛在五次季后赛中四次战胜</span><span style=\"color: rgb(51, 51, 51); font-family: arial, 宋体, sans-serif; font-size: 14px; line-height: 24px; text-indent: 28px; background-color: rgb(255, 255, 255);\">帕特里克·尤因</span><span style=\"color: rgb(51, 51, 51); font-family: arial, 宋体, sans-serif; font-size: 14px; line-height: 24px; text-indent: 28px; background-color: rgb(255, 255, 255);\">率领的纽约尼克斯。在关键的第五场，乔丹打出了“三双”表现：29分、10个篮板和14次助攻。随后，公牛在六场内过关。在总决赛，乔丹在面对菲尼克斯太阳的六场比赛中创造了一项纪录：他场均得到了41.0分，成功夺得三连冠</span></p><p style=\"text-indent: 2em;\"><span style=\"color: rgb(51, 51, 51); font-family: arial, 宋体, sans-serif; font-size: 14px; line-height: 24px; text-indent: 28px; background-color: rgb(255, 255, 255);\">然而三连冠的喜悦没多久，乔丹就接到噩耗，他的父亲被谋杀。就在新赛季训练营开始前，乔丹宣布退役，并准备开始棒球生涯。棒球是父亲从小激励他从事的运动，乔丹也最终加盟了美国职棒联盟。事实上，他在棒球场上并不太成功。</span></p><p style=\"text-indent: 2em;\"><span style=\"color: rgb(51, 51, 51); font-family: arial, 宋体, sans-serif; font-size: 14px; line-height: 24px; text-indent: 28px; background-color: rgb(255, 255, 255);\"></span></p><h3 class=\"headline-2\" style=\"margin: 20px 0px 12px; padding: 0px; font-size: 18px; font-family: &#39;Microsoft YaHei&#39;, SimHei, Verdana; line-height: 19px; clear: both; font-weight: 500; white-space: normal; background-color: rgb(255, 255, 255);\"><span class=\"headline-content\">第二个三连冠</span></h3><p style=\"text-indent: 2em;\"><span style=\"color: rgb(51, 51, 51); font-family: arial, 宋体, sans-serif; font-size: 14px; line-height: 24px; text-indent: 28px; background-color: rgb(255, 255, 255);\">在1994-95赛季末期，乔丹说出了那句著名的“I&#39;m Back”。重回NBA的乔丹在17场常规赛中，场均得到26.9分，公牛的对应战绩为13胜4负。季后赛，乔丹场均31.5分，不过公牛仍输给了拥有</span><span style=\"color: rgb(51, 51, 51); font-family: arial, 宋体, sans-serif; font-size: 14px; line-height: 24px; text-indent: 28px; background-color: rgb(255, 255, 255);\">沙奎尔·奥尼尔</span><span style=\"color: rgb(51, 51, 51); font-family: arial, 宋体, sans-serif; font-size: 14px; line-height: 24px; text-indent: 28px; background-color: rgb(255, 255, 255);\">的奥兰多魔术。</span></p><p style=\"text-indent: 2em;\"><span style=\"color: rgb(51, 51, 51); font-family: arial, 宋体, sans-serif; font-size: 14px; line-height: 24px; text-indent: 28px; background-color: rgb(255, 255, 255);\">1995-96赛季，乔丹场均得到30.4分，率领公牛创造了72胜10负的联盟最佳战绩。乔丹在这一个赛季囊括了常规赛、全明星赛和总决赛三项MVP，之外仅有威利斯-里德能完成这一壮举。</span><span style=\"color: rgb(51, 51, 51); font-family: arial, 宋体, sans-serif; font-size: 14px; line-height: 24px; text-indent: 28px; background-color: rgb(255, 255, 255);\">&nbsp;</span></p><p style=\"text-indent: 2em;\"><span style=\"color: rgb(51, 51, 51); font-family: arial, 宋体, sans-serif; font-size: 14px; line-height: 24px; text-indent: 28px; background-color: rgb(255, 255, 255);\">1996-97赛季，经过6场比赛，乔丹率领芝加哥公牛击败</span><span style=\"color: rgb(51, 51, 51); font-family: arial, 宋体, sans-serif; font-size: 14px; line-height: 24px; text-indent: 28px; background-color: rgb(255, 255, 255);\">犹他</span><span style=\"color: rgb(51, 51, 51); font-family: arial, 宋体, sans-serif; font-size: 14px; line-height: 24px; text-indent: 28px; background-color: rgb(255, 255, 255);\">爵士，连续第2个赛季、也是第5次夺得总冠军。乔丹个人连续第2次、职业生涯第9次夺走得分王称号，连续第2个赛季夺得总决赛MVP。</span><span style=\"color: rgb(51, 51, 51); font-family: arial, 宋体, sans-serif; font-size: 14px; line-height: 24px; text-indent: 28px; background-color: rgb(255, 255, 255);\">&nbsp;</span></p><p style=\"text-indent: 2em;\"><span style=\"color: rgb(51, 51, 51); font-family: arial, 宋体, sans-serif; font-size: 14px; line-height: 24px; text-indent: 28px; background-color: rgb(255, 255, 255);\">1997-98赛季，乔丹连续第3个赛季、职业生涯第10次获得分王称号，也再次集常规赛MVP、全明明赛MVP、总决赛MVP于一身。1998年6月14日，总决赛6场的最后一刻，又是芝加哥公牛对阵犹他爵士，乔丹从马龙手中成功断球，并在晃倒防守他的卡塞尔之后投进制胜球。此球命中后，芝加哥公牛队第2次夺得三连冠，也是8年内的第6次。</span><span style=\"color: rgb(51, 51, 51); font-family: arial, 宋体, sans-serif; font-size: 14px; line-height: 24px; text-indent: 28px; background-color: rgb(255, 255, 255);\">&nbsp;</span></p><p style=\"text-indent: 2em;\"><span style=\"color: rgb(51, 51, 51); font-family: arial, 宋体, sans-serif; font-size: 14px; line-height: 24px; text-indent: 28px; background-color: rgb(255, 255, 255);\">1999年，在劳资谈判陷入僵局时，乔丹再度宣布退役，他表示“已经没有了起初作为篮球运动员时的挑战目标”。</span></p><p style=\"text-indent: 2em;\"><span style=\"color: rgb(51, 51, 51); font-family: arial, 宋体, sans-serif; font-size: 14px; line-height: 24px; text-indent: 28px; background-color: rgb(255, 255, 255);\"></span></p><h3 class=\"headline-2\" style=\"margin: 20px 0px 12px; padding: 0px; font-size: 18px; font-family: &#39;Microsoft YaHei&#39;, SimHei, Verdana; line-height: 19px; clear: both; font-weight: 500; white-space: normal; background-color: rgb(255, 255, 255);\"><span class=\"headline-content\">奇才生涯</span></h3><p><img class=\"\" alt=\"乔丹球衣“退役”\" src=\"/PHPdemo_practice_byself/jerise-nba/public/index/images/new/20150515/1431680778162660.jpg\" style=\"border: 0px; display: block; margin: 0px auto; width: 170px; height: 220px; float: right;\"/></p><p style=\"text-indent: 2em;\"><span style=\"color: rgb(51, 51, 51); font-family: arial, 宋体, sans-serif; font-size: 14px; line-height: 24px; text-indent: 28px; background-color: rgb(255, 255, 255);\">2001年9月25日，乔丹正式宣布复出，并和华盛顿奇才签订了为期2年的合同。</span><span style=\"color: rgb(51, 51, 51); font-family: arial, 宋体, sans-serif; font-size: 14px; line-height: 24px; text-indent: 28px; background-color: rgb(255, 255, 255);\">乔丹在奇才的第一个赛季场均拿下23分。乔丹将他曾经的公牛教头</span><span style=\"color: rgb(51, 51, 51); font-family: arial, 宋体, sans-serif; font-size: 14px; line-height: 24px; text-indent: 28px; background-color: rgb(255, 255, 255);\">道格·柯林斯</span><span style=\"color: rgb(51, 51, 51); font-family: arial, 宋体, sans-serif; font-size: 14px; line-height: 24px; text-indent: 28px; background-color: rgb(255, 255, 255);\">请来奇才，试图提升这支球队的实力。但在两年间，奇才均未能够打入季后赛。</span></p><p style=\"text-indent: 2em;\"><span style=\"color: rgb(51, 51, 51); font-family: arial, 宋体, sans-serif; font-size: 14px; line-height: 24px; text-indent: 28px; background-color: rgb(255, 255, 255);\">乔丹在2002-03赛季场均得到20分，那一年，他参加了他的最后一届全明星赛。2002年11月28日，乔丹宣布，他将在赛季结束后第3次退役。2003年4月16日，在随华盛顿奇才出征费城76人的比赛中，乔丹打了职业生涯的最后一秒钟。他的球队连续2个赛季没有进入季后赛。</span></p><p style=\"text-indent: 2em;\"><span style=\"color: rgb(51, 51, 51); font-family: arial, 宋体, sans-serif; font-size: 14px; line-height: 24px; text-indent: 28px; background-color: rgb(255, 255, 255);\">乔丹职业生涯共有39次得到50分以上，其中季后赛8次历史第一，5次取得60分以上，单场最高分69分历史第六。</span></p><h3 class=\"headline-2\" style=\"margin: 20px 0px 12px; padding: 0px; font-size: 18px; font-family: &#39;Microsoft YaHei&#39;, SimHei, Verdana; line-height: 19px; clear: both; font-weight: 500; white-space: normal; background-color: rgb(255, 255, 255);\"><span class=\"headline-content\">国家队</span></h3><p style=\"text-indent: 2em;\"><span style=\"color: rgb(51, 51, 51); font-family: arial, 宋体, sans-serif; font-size: 14px; line-height: 24px; text-indent: 28px; background-color: rgb(255, 255, 255);\">乔丹跟随国家队参加过1984年洛杉矶奥运会和1992年巴塞罗那奥运会，两次均以全胜战绩夺取金牌。</span><span style=\"color: rgb(51, 51, 51); font-family: arial, 宋体, sans-serif; font-size: 14px; line-height: 24px; text-indent: 28px; background-color: rgb(255, 255, 255);\">&nbsp;</span></p><p style=\"text-indent: 2em;\"><span style=\"color: rgb(51, 51, 51); font-family: arial, 宋体, sans-serif; font-size: 14px; line-height: 24px; text-indent: 28px; background-color: rgb(255, 255, 255);\">1984年，乔丹以第三号新秀的身份被公牛选中，之后他便随美国男篮参加了洛杉矶奥运会，并担任队长。虽然他们在奥运会赛场上遇到了当时迅速崛起的西德队和西班牙队，但最后仍以8场全胜的战绩轻松地夺走了金牌。在8场比赛中，美国奥运男篮场均胜出对手32分，场均命中率高达61.3%。乔丹在他上场的5场比赛中，共得138分，场均得到27.6分。</span></p><p style=\"text-indent: 2em;\"><span style=\"color: rgb(51, 51, 51); font-family: arial, 宋体, sans-serif; font-size: 14px; line-height: 24px; text-indent: 28px; background-color: rgb(255, 255, 255);\">1992年，乔丹作为“梦一队”的成员第二次参加奥运会，由于当时队中众星云集，乔丹场均仅得12.7分，列全队第四。</span></p><p style=\"text-indent: 0em;\"><span style=\"font-family: &#39;Microsoft YaHei&#39;, SimHei, Verdana; font-size: 24px; line-height: 24px; color: rgb(255, 255, 255); text-indent: 28px; background-color: rgb(0, 112, 192);\">&nbsp;4&nbsp;</span><span style=\"color: rgb(51, 51, 51); font-family: &#39;Microsoft YaHei&#39;, SimHei, Verdana; font-size: 24px; line-height: 24px; text-indent: 28px; background-color: rgb(255, 255, 255);\">场外生活</span></p><p style=\"text-indent: 0em;\"></p><h3 class=\"headline-2\" style=\"margin: 20px 0px 12px; padding: 0px; font-size: 18px; font-family: &#39;Microsoft YaHei&#39;, SimHei, Verdana; line-height: 19px; clear: both; font-weight: 500; white-space: normal; background-color: rgb(255, 255, 255);\"><span class=\"headline-content\">商业代言</span></h3><p style=\"text-indent: 2em;\"><span style=\"color: rgb(51, 51, 51); font-family: arial, 宋体, sans-serif; font-size: 14px; line-height: 24px; text-indent: 28px; background-color: rgb(255, 255, 255);\">乔丹是历史上最值钱的体育偶像之一，他是</span><span style=\"color: rgb(51, 51, 51); font-family: arial, 宋体, sans-serif; font-size: 14px; line-height: 24px; text-indent: 28px; background-color: rgb(255, 255, 255);\">Nike</span><span style=\"color: rgb(51, 51, 51); font-family: arial, 宋体, sans-serif; font-size: 14px; line-height: 24px; text-indent: 28px; background-color: rgb(255, 255, 255);\">，Gatorade，</span><span style=\"color: rgb(51, 51, 51); font-family: arial, 宋体, sans-serif; font-size: 14px; line-height: 24px; text-indent: 28px; background-color: rgb(255, 255, 255);\">Hanes</span><span style=\"color: rgb(51, 51, 51); font-family: arial, 宋体, sans-serif; font-size: 14px; line-height: 24px; text-indent: 28px; background-color: rgb(255, 255, 255);\">，McDonald&#39;s和</span><span style=\"color: rgb(51, 51, 51); font-family: arial, 宋体, sans-serif; font-size: 14px; line-height: 24px; text-indent: 28px; background-color: rgb(255, 255, 255);\">MCI</span><span style=\"color: rgb(51, 51, 51); font-family: arial, 宋体, sans-serif; font-size: 14px; line-height: 24px; text-indent: 28px; background-color: rgb(255, 255, 255);\">的主要代言人。他在1988年首次出现在Wheaties box的广告上并随即成为了他们的代言人。Nike为乔丹设计的系列签名鞋叫做“Air Jordan”。后来Nike把这条生产线从自己的厂家分出来，专门叫做“乔丹牌”。</span></p><p></p><p style=\"text-indent: 2em;\"><span style=\"color: rgb(51, 51, 51); font-family: arial, 宋体, sans-serif; font-size: 14px; line-height: 24px; text-indent: 28px; background-color: rgb(255, 255, 255);\">自2003年从NBA退役之后，乔丹依然生财有道，根据福布斯网站公布的数据，飞人乔丹在2013年的总收入达到了惊人的9000万美元。乔丹绝大部分的收入来自NIKE公司的球鞋销售分红，仅2013年一年，NIKE旗下以乔丹名字命名的球鞋销售收入就高达22.5亿美元。</span>&nbsp;</p><h3 class=\"headline-2\" style=\"margin: 20px 0px 12px; padding: 0px; font-size: 18px; font-family: &#39;Microsoft YaHei&#39;, SimHei, Verdana; line-height: 19px; clear: both; font-weight: 500; white-space: normal; background-color: rgb(255, 255, 255);\"><span class=\"headline-content\">收购球队</span></h3><p style=\"text-indent: 2em;\"><span style=\"color: rgb(51, 51, 51); font-family: arial, 宋体, sans-serif; font-size: 14px; line-height: 24px; text-indent: 28px; background-color: rgb(255, 255, 255);\">2006年，乔丹成为山猫的小老板之一，并一直有意成为球队的大老板。2010年3月18日，NBA理事宣布，乔丹投资收购山猫大部分控股的交易正式通过，乔丹正式成为山猫的大股东。乔丹也凭借此举成为了联盟历史上首位职业球员出身的球队大股东以及NBA第二位黑人大老板，也将是NBA现存的唯一一名黑人大老板。</span></p><h3 class=\"headline-2\" style=\"margin: 20px 0px 12px; padding: 0px; font-size: 18px; font-family: &#39;Microsoft YaHei&#39;, SimHei, Verdana; line-height: 19px; clear: both; font-weight: 500; white-space: normal; background-color: rgb(255, 255, 255);\"><span class=\"headline-content\">商标之争</span></h3><p><img class=\"\" alt=\"乔丹罚球线起跳的扣篮\" src=\"/PHPdemo_practice_byself/jerise-nba/public/index/images/new/20150515/1431680961916404.jpg\" style=\"border: 0px; display: block; margin: 0px auto; width: 220px; height: 146px; float: right;\"/></p><p style=\"text-indent: 2em;\"><span style=\"color: rgb(51, 51, 51); font-family: arial, 宋体, sans-serif; font-size: 14px; line-height: 24px; text-indent: 28px; background-color: rgb(255, 255, 255);\">因不满自己姓名的中文拼音被注册为体育用品的商标，迈克尔·乔丹向中国工商总局商标评审委员会提出异议，认为中国的乔丹公司存在大量恶意注册，范围远超于乔丹体育作为一个体育用品公司的生产范围，对商标管理秩序构成扰乱。但以上请求均被商评委裁定驳回。此后，迈克尔·乔丹与商标评审委员会打了34起官司，一审也均以败诉而告终。</span></p><p style=\"text-indent: 2em;\"><span style=\"color: rgb(51, 51, 51); font-family: arial, 宋体, sans-serif; font-size: 14px; line-height: 24px; text-indent: 28px; background-color: rgb(255, 255, 255);\">2015年4月13日，这34起案件在北京高院合并进行二审。该案将择期宣判。5月，北京市高级人民法院对78起乔丹体育商标争议案中的32起做出判决，裁定乔丹败诉。</span>&nbsp;</p><h3 class=\"headline-2\" style=\"margin: 20px 0px 12px; padding: 0px; font-size: 18px; font-family: &#39;Microsoft YaHei&#39;, SimHei, Verdana; line-height: 19px; clear: both; font-weight: 500; white-space: normal; background-color: rgb(255, 255, 255);\"><span class=\"headline-content\">感情生活</span></h3><p><strong>前妻</strong></p><p><img class=\"\" alt=\"乔丹与女友\" src=\"/PHPdemo_practice_byself/jerise-nba/public/index/images/new/20150515/1431680967233318.jpg\" style=\"border: 0px; display: block; margin: 0px auto; width: 191px; height: 220px; float: right;\"/></p><p style=\"text-indent: 2em;\"><span style=\"color: rgb(51, 51, 51); font-family: arial, 宋体, sans-serif; font-size: 14px; line-height: 24px; text-indent: 28px; background-color: rgb(255, 255, 255);\">乔丹和胡安妮塔属于“姐弟恋”，后者比乔丹大4岁，他们1985年在芝加哥的一家酒店相遇，当时乔丹还只是二年级新秀。经过长达4年的接触，乔丹和胡安妮塔于1989年9月2日在拉斯维加斯结婚，在此后的12年中，胡安妮塔共为乔丹生了3个男孩，分别是杰弗利、马克斯和贾斯米。&nbsp;</span></p><p style=\"text-indent: 2em;\"><span style=\"color: rgb(51, 51, 51); font-family: arial, 宋体, sans-serif; font-size: 14px; line-height: 24px; text-indent: 28px; background-color: rgb(255, 255, 255);\">2007年，乔丹和胡安妮塔的婚姻在正式宣告结束，飞人也为此付出了超过8000万美元的分手费。胡安妮塔还获得了孩子的监护权以及芝加哥的一处庄园。算上孩子们的抚养费，乔丹前前后后一共支付给前妻的费用超过3亿美元</span>。</p><p><strong>妻子</strong></p><p style=\"text-indent: 2em;\"><span style=\"color: rgb(51, 51, 51); font-family: arial, 宋体, sans-serif; font-size: 14px; line-height: 24px; text-indent: 28px; background-color: rgb(255, 255, 255);\">2008年乔丹与普列托在一个聚会上相识，2009年两人开始正式交往。不过，在经历过一段失败的婚姻后乔丹也“醒目”了，他与普列托在婚前签署了详细的协议。&nbsp;</span></p><p style=\"text-indent: 2em;\"><span style=\"color: rgb(51, 51, 51); font-family: arial, 宋体, sans-serif; font-size: 14px; line-height: 24px; text-indent: 28px; background-color: rgb(255, 255, 255);\">2013年4月29日，50岁的飞人乔丹在</span><span style=\"color: rgb(51, 51, 51); font-family: arial, 宋体, sans-serif; font-size: 14px; line-height: 24px; text-indent: 28px; background-color: rgb(255, 255, 255);\">佛罗里达</span><span style=\"color: rgb(51, 51, 51); font-family: arial, 宋体, sans-serif; font-size: 14px; line-height: 24px; text-indent: 28px; background-color: rgb(255, 255, 255);\">棕榈滩上举行了一场盛大的婚礼，他迎娶了34岁的古巴模特普列托，约500名宾客见证了两人的幸福时刻。婚礼仪式结束后，乔丹返回自己价值2000万美元的豪宅庆祝，现场来宾约有2000人。这是乔丹自2006年结束第一段婚姻后，再次步入婚姻殿堂。&nbsp;</span></p><p style=\"text-indent: 2em;\"><span style=\"color: rgb(51, 51, 51); font-family: arial, 宋体, sans-serif; font-size: 14px; line-height: 24px; text-indent: 28px; background-color: rgb(255, 255, 255);\">2014年2月12日，伊薇特·普列托在美国佛罗里达州西棕榈海滩的医院为乔丹生下一对双胞胎女儿。双胞胎的名字分别为维多利亚和伊莎贝尔。伊薇特比乔丹小15岁，正当青春巅峰，平时两人感情稳定，她也经常出现在山猫主场的比赛中。</span></p>', '1431681400', '迈克尔·乔丹');

-- ----------------------------
-- Table structure for `temp_season`
-- ----------------------------
DROP TABLE IF EXISTS `temp_season`;
CREATE TABLE `temp_season` (
  `tsid` int(10) unsigned NOT NULL AUTO_INCREMENT,
  `season` int(10) unsigned NOT NULL DEFAULT '0',
  `sid` int(10) unsigned NOT NULL DEFAULT '0',
  `teid` tinyint(10) unsigned NOT NULL DEFAULT '0',
  `num` int(10) unsigned NOT NULL DEFAULT '0' COMMENT '本赛季比赛场数',
  `shot` int(10) unsigned NOT NULL DEFAULT '0' COMMENT '总投篮数',
  `shot_in` int(10) unsigned NOT NULL DEFAULT '0' COMMENT '总投进数',
  `score` int(10) unsigned NOT NULL DEFAULT '0' COMMENT '总得分',
  `be_re` int(10) unsigned NOT NULL DEFAULT '0' COMMENT '前篮板总数',
  `be_af` int(10) unsigned NOT NULL DEFAULT '0' COMMENT '后篮板总数',
  `assist` int(10) unsigned NOT NULL DEFAULT '0' COMMENT '总助攻数',
  `win` smallint(10) NOT NULL DEFAULT '0' COMMENT '胜利数',
  `lose` smallint(10) NOT NULL DEFAULT '0' COMMENT '失败数',
  PRIMARY KEY (`tsid`)
) ENGINE=InnoDB AUTO_INCREMENT=61 DEFAULT CHARSET=utf8 ROW_FORMAT=COMPACT;

-- ----------------------------
-- Records of temp_season
-- ----------------------------
INSERT INTO `temp_season` VALUES ('1', '2015', '2', '8', '2', '160', '71', '209', '19', '72', '39', '2', '0');
INSERT INTO `temp_season` VALUES ('2', '2015', '2', '30', '1', '92', '39', '99', '14', '30', '32', '0', '1');
INSERT INTO `temp_season` VALUES ('3', '2015', '2', '9', '1', '76', '34', '94', '9', '36', '28', '0', '1');
INSERT INTO `temp_season` VALUES ('4', '2015', '2', '1', '0', '0', '0', '0', '0', '0', '0', '0', '0');
INSERT INTO `temp_season` VALUES ('5', '2015', '2', '2', '0', '0', '0', '0', '0', '0', '0', '0', '0');
INSERT INTO `temp_season` VALUES ('6', '2015', '2', '3', '0', '0', '0', '0', '0', '0', '0', '0', '0');
INSERT INTO `temp_season` VALUES ('7', '2015', '2', '4', '0', '0', '0', '0', '0', '0', '0', '0', '0');
INSERT INTO `temp_season` VALUES ('8', '2015', '2', '5', '0', '0', '0', '0', '0', '0', '0', '0', '0');
INSERT INTO `temp_season` VALUES ('9', '2015', '2', '6', '0', '0', '0', '0', '0', '0', '0', '0', '0');
INSERT INTO `temp_season` VALUES ('10', '2015', '2', '7', '0', '0', '0', '0', '0', '0', '0', '0', '0');
INSERT INTO `temp_season` VALUES ('11', '2015', '2', '10', '0', '0', '0', '0', '0', '0', '0', '0', '0');
INSERT INTO `temp_season` VALUES ('12', '2015', '2', '11', '0', '0', '0', '0', '0', '0', '0', '0', '0');
INSERT INTO `temp_season` VALUES ('13', '2015', '2', '12', '0', '0', '0', '0', '0', '0', '0', '0', '0');
INSERT INTO `temp_season` VALUES ('14', '2015', '2', '13', '0', '0', '0', '0', '0', '0', '0', '0', '0');
INSERT INTO `temp_season` VALUES ('15', '2015', '2', '14', '0', '0', '0', '0', '0', '0', '0', '0', '0');
INSERT INTO `temp_season` VALUES ('16', '2015', '2', '15', '0', '0', '0', '0', '0', '0', '0', '0', '0');
INSERT INTO `temp_season` VALUES ('17', '2015', '2', '16', '0', '0', '0', '0', '0', '0', '0', '0', '0');
INSERT INTO `temp_season` VALUES ('18', '2015', '2', '17', '0', '0', '0', '0', '0', '0', '0', '0', '0');
INSERT INTO `temp_season` VALUES ('19', '2015', '2', '18', '0', '0', '0', '0', '0', '0', '0', '0', '0');
INSERT INTO `temp_season` VALUES ('20', '2015', '2', '19', '0', '0', '0', '0', '0', '0', '0', '0', '0');
INSERT INTO `temp_season` VALUES ('21', '2015', '2', '20', '0', '0', '0', '0', '0', '0', '0', '0', '0');
INSERT INTO `temp_season` VALUES ('22', '2015', '2', '21', '0', '0', '0', '0', '0', '0', '0', '0', '0');
INSERT INTO `temp_season` VALUES ('23', '2015', '2', '22', '0', '0', '0', '0', '0', '0', '0', '0', '0');
INSERT INTO `temp_season` VALUES ('24', '2015', '2', '23', '0', '0', '0', '0', '0', '0', '0', '0', '0');
INSERT INTO `temp_season` VALUES ('25', '2015', '2', '24', '0', '0', '0', '0', '0', '0', '0', '0', '0');
INSERT INTO `temp_season` VALUES ('26', '2015', '2', '25', '0', '0', '0', '0', '0', '0', '0', '0', '0');
INSERT INTO `temp_season` VALUES ('27', '2015', '2', '26', '0', '0', '0', '0', '0', '0', '0', '0', '0');
INSERT INTO `temp_season` VALUES ('28', '2015', '2', '27', '0', '0', '0', '0', '0', '0', '0', '0', '0');
INSERT INTO `temp_season` VALUES ('29', '2015', '2', '28', '0', '0', '0', '0', '0', '0', '0', '0', '0');
INSERT INTO `temp_season` VALUES ('30', '2015', '2', '29', '0', '0', '0', '0', '0', '0', '0', '0', '0');
INSERT INTO `temp_season` VALUES ('31', '2016', '3', '1', '0', '0', '0', '0', '0', '0', '0', '0', '0');
INSERT INTO `temp_season` VALUES ('32', '2016', '3', '2', '0', '0', '0', '0', '0', '0', '0', '0', '0');
INSERT INTO `temp_season` VALUES ('33', '2016', '3', '3', '0', '0', '0', '0', '0', '0', '0', '0', '0');
INSERT INTO `temp_season` VALUES ('34', '2016', '3', '4', '0', '0', '0', '0', '0', '0', '0', '0', '0');
INSERT INTO `temp_season` VALUES ('35', '2016', '3', '5', '0', '0', '0', '0', '0', '0', '0', '0', '0');
INSERT INTO `temp_season` VALUES ('36', '2016', '3', '6', '0', '0', '0', '0', '0', '0', '0', '0', '0');
INSERT INTO `temp_season` VALUES ('37', '2016', '3', '7', '0', '0', '0', '0', '0', '0', '0', '0', '0');
INSERT INTO `temp_season` VALUES ('38', '2016', '3', '8', '0', '0', '0', '0', '0', '0', '0', '0', '0');
INSERT INTO `temp_season` VALUES ('39', '2016', '3', '9', '0', '0', '0', '0', '0', '0', '0', '0', '0');
INSERT INTO `temp_season` VALUES ('40', '2016', '3', '10', '0', '0', '0', '0', '0', '0', '0', '0', '0');
INSERT INTO `temp_season` VALUES ('41', '2016', '3', '11', '0', '0', '0', '0', '0', '0', '0', '0', '0');
INSERT INTO `temp_season` VALUES ('42', '2016', '3', '12', '0', '0', '0', '0', '0', '0', '0', '0', '0');
INSERT INTO `temp_season` VALUES ('43', '2016', '3', '13', '0', '0', '0', '0', '0', '0', '0', '0', '0');
INSERT INTO `temp_season` VALUES ('44', '2016', '3', '14', '0', '0', '0', '0', '0', '0', '0', '0', '0');
INSERT INTO `temp_season` VALUES ('45', '2016', '3', '15', '0', '0', '0', '0', '0', '0', '0', '0', '0');
INSERT INTO `temp_season` VALUES ('46', '2016', '3', '16', '0', '0', '0', '0', '0', '0', '0', '0', '0');
INSERT INTO `temp_season` VALUES ('47', '2016', '3', '17', '0', '0', '0', '0', '0', '0', '0', '0', '0');
INSERT INTO `temp_season` VALUES ('48', '2016', '3', '18', '0', '0', '0', '0', '0', '0', '0', '0', '0');
INSERT INTO `temp_season` VALUES ('49', '2016', '3', '19', '0', '0', '0', '0', '0', '0', '0', '0', '0');
INSERT INTO `temp_season` VALUES ('50', '2016', '3', '20', '0', '0', '0', '0', '0', '0', '0', '0', '0');
INSERT INTO `temp_season` VALUES ('51', '2016', '3', '21', '0', '0', '0', '0', '0', '0', '0', '0', '0');
INSERT INTO `temp_season` VALUES ('52', '2016', '3', '22', '0', '0', '0', '0', '0', '0', '0', '0', '0');
INSERT INTO `temp_season` VALUES ('53', '2016', '3', '23', '0', '0', '0', '0', '0', '0', '0', '0', '0');
INSERT INTO `temp_season` VALUES ('54', '2016', '3', '24', '0', '0', '0', '0', '0', '0', '0', '0', '0');
INSERT INTO `temp_season` VALUES ('55', '2016', '3', '25', '0', '0', '0', '0', '0', '0', '0', '0', '0');
INSERT INTO `temp_season` VALUES ('56', '2016', '3', '26', '0', '0', '0', '0', '0', '0', '0', '0', '0');
INSERT INTO `temp_season` VALUES ('57', '2016', '3', '27', '0', '0', '0', '0', '0', '0', '0', '0', '0');
INSERT INTO `temp_season` VALUES ('58', '2016', '3', '28', '0', '0', '0', '0', '0', '0', '0', '0', '0');
INSERT INTO `temp_season` VALUES ('59', '2016', '3', '29', '0', '0', '0', '0', '0', '0', '0', '0', '0');
INSERT INTO `temp_season` VALUES ('60', '2016', '3', '30', '0', '0', '0', '0', '0', '0', '0', '0', '0');

-- ----------------------------
-- Table structure for `user`
-- ----------------------------
DROP TABLE IF EXISTS `user`;
CREATE TABLE `user` (
  `uid` int(10) unsigned NOT NULL AUTO_INCREMENT,
  `username` varchar(20) NOT NULL DEFAULT '',
  `password` char(32) NOT NULL DEFAULT '',
  `nname` varchar(20) NOT NULL DEFAULT '',
  `logintime` int(10) unsigned NOT NULL DEFAULT '0',
  `loginip` char(20) NOT NULL DEFAULT '' COMMENT '登录IP',
  `restime` int(10) unsigned NOT NULL DEFAULT '0' COMMENT '注册时间',
  `face` varchar(100) NOT NULL DEFAULT '',
  `comment_num` int(10) unsigned NOT NULL DEFAULT '0' COMMENT '评论数',
  `is_admin` enum('Y','N') NOT NULL DEFAULT 'N' COMMENT '是否为管理员',
  PRIMARY KEY (`uid`),
  UNIQUE KEY `username` (`username`),
  UNIQUE KEY `name` (`nname`) USING BTREE
) ENGINE=InnoDB AUTO_INCREMENT=4 DEFAULT CHARSET=utf8;

-- ----------------------------
-- Records of user
-- ----------------------------
INSERT INTO `user` VALUES ('1', 'admin', '00fbd6d3e86be9c1f3cd8e7f2db17505', 'jerise', '1431668459', '', '1430747751', '', '8', 'Y');
INSERT INTO `user` VALUES ('2', 'admin2', '00fbd6d3e86be9c1f3cd8e7f2db17505', 'jerise影子', '1431665546', '', '1430827569', '', '7', 'Y');
INSERT INTO `user` VALUES ('3', 'wangrj', 'e10adc3949ba59abbe56e057f20f883e', 'wang', '1431321839', '', '1431321785', '', '0', 'N');
